0.000000 0.000000 1.000000 0.376991 -0.000000 0.000000 0.000000 0.000000
0.003770 -0.000012 1.000000 0.376984 -0.002369 0.000000 0.000000 0.000000
0.007540 -0.000047 1.000000 0.376961 -0.004737 0.000000 0.000000 0.000000
0.011309 -0.000107 1.000000 0.376924 -0.007106 0.000000 0.000000 0.000000
0.015078 -0.000189 1.000000 0.376872 -0.009474 0.000000 0.000000 0.000000
0.018846 -0.000296 1.000000 0.376805 -0.011842 0.000000 0.000000 0.000000
0.022614 -0.000426 1.000000 0.376723 -0.014209 0.000000 0.000000 0.000000
0.026381 -0.000580 1.000000 0.376627 -0.016576 0.000000 0.000000 0.000000
0.030147 -0.000758 1.000000 0.376515 -0.018942 0.000000 0.000000 0.000000
0.033911 -0.000959 1.000000 0.376389 -0.021307 0.000000 0.000000 0.000000
0.037674 -0.001184 1.000000 0.376247 -0.023671 0.000000 0.000000 0.000000
0.041436 -0.001432 1.000000 0.376091 -0.026035 0.000000 0.000000 0.000000
0.045196 -0.001705 1.000000 0.375920 -0.028398 0.000000 0.000000 0.000000
0.048954 -0.002000 1.000000 0.375734 -0.030759 0.000000 0.000000 0.000000
0.052711 -0.002320 1.000000 0.375534 -0.033119 0.000000 0.000000 0.000000
0.056465 -0.002663 1.000000 0.375318 -0.035478 0.000000 0.000000 0.000000
0.060217 -0.003029 1.000000 0.375088 -0.037835 0.000000 0.000000 0.000000
0.063967 -0.003420 1.000000 0.374843 -0.040191 0.000000 0.000000 0.000000
0.067714 -0.003833 1.000000 0.374583 -0.042546 0.000000 0.000000 0.000000
0.071458 -0.004270 1.000000 0.374308 -0.044899 0.000000 0.000000 0.000000
0.075200 -0.004731 1.000000 0.374018 -0.047250 0.000000 0.000000 0.000000
0.078939 -0.005215 1.000000 0.373714 -0.049599 0.000000 0.000000 0.000000
0.082674 -0.005723 1.000000 0.373395 -0.051946 0.000000 0.000000 0.000000
0.086406 -0.006254 1.000000 0.373061 -0.054291 0.000000 0.000000 0.000000
0.090135 -0.006809 1.000000 0.372713 -0.056634 0.000000 0.000000 0.000000
0.093861 -0.007387 1.000000 0.372350 -0.058974 0.000000 0.000000 0.000000
0.097582 -0.007988 1.000000 0.371972 -0.061313 0.000000 0.000000 0.000000
0.101300 -0.008613 1.000000 0.371579 -0.063649 0.000000 0.000000 0.000000
0.105014 -0.009261 1.000000 0.371172 -0.065982 0.000000 0.000000 0.000000
0.108723 -0.009933 1.000000 0.370750 -0.068313 0.000000 0.000000 0.000000
0.112429 -0.010628 1.000000 0.370314 -0.070641 0.000000 0.000000 0.000000
0.116130 -0.011346 1.000000 0.369862 -0.072966 0.000000 0.000000 0.000000
0.119826 -0.012087 1.000000 0.369397 -0.075289 0.000000 0.000000 0.000000
0.123518 -0.012851 1.000000 0.368916 -0.077608 0.000000 0.000000 0.000000
0.127204 -0.013639 1.000000 0.368421 -0.079925 0.000000 0.000000 0.000000
0.130886 -0.014450 1.000000 0.367912 -0.082238 0.000000 0.000000 0.000000
0.134562 -0.015284 1.000000 0.367388 -0.084548 0.000000 0.000000 0.000000
0.138234 -0.016141 1.000000 0.366849 -0.086855 0.000000 0.000000 0.000000
0.141899 -0.017021 1.000000 0.366297 -0.089158 0.000000 0.000000 0.000000
0.145560 -0.017924 1.000000 0.365729 -0.091458 0.000000 0.000000 0.000000
0.149214 -0.018850 1.000000 0.365147 -0.093754 0.000000 0.000000 0.000000
0.152862 -0.019799 1.000000 0.364551 -0.096046 0.000000 0.000000 0.000000
0.156505 -0.020771 1.000000 0.363940 -0.098335 0.000000 0.000000 0.000000
0.160141 -0.021766 1.000000 0.363315 -0.100620 0.000000 0.000000 0.000000
0.163771 -0.022783 1.000000 0.362676 -0.102900 0.000000 0.000000 0.000000
0.167395 -0.023824 1.000000 0.362022 -0.105177 0.000000 0.000000 0.000000
0.171012 -0.024887 1.000000 0.361354 -0.107450 0.000000 0.000000 0.000000
0.174622 -0.025973 1.000000 0.360672 -0.109718 0.000000 0.000000 0.000000
0.178225 -0.027081 1.000000 0.359975 -0.111982 0.000000 0.000000 0.000000
0.181821 -0.028212 1.000000 0.359265 -0.114242 0.000000 0.000000 0.000000
0.185410 -0.029366 1.000000 0.358540 -0.116497 0.000000 0.000000 0.000000
0.188992 -0.030542 1.000000 0.357801 -0.118747 0.000000 0.000000 0.000000
0.192566 -0.031741 1.000000 0.357048 -0.120993 0.000000 0.000000 0.000000
0.196133 -0.032962 1.000000 0.356280 -0.123234 0.000000 0.000000 0.000000
0.199692 -0.034206 1.000000 0.355499 -0.125470 0.000000 0.000000 0.000000
0.203243 -0.035472 1.000000 0.354704 -0.127701 0.000000 0.000000 0.000000
0.206786 -0.036760 1.000000 0.353894 -0.129927 0.000000 0.000000 0.000000
0.210321 -0.038070 1.000000 0.353071 -0.132148 0.000000 0.000000 0.000000
0.213847 -0.039403 1.000000 0.352234 -0.134364 0.000000 0.000000 0.000000
0.217365 -0.040757 1.000000 0.351383 -0.136575 0.000000 0.000000 0.000000
0.220875 -0.042134 1.000000 0.350517 -0.138780 0.000000 0.000000 0.000000
0.224376 -0.043533 1.000000 0.349639 -0.140979 0.000000 0.000000 0.000000
0.227867 -0.044954 1.000000 0.348746 -0.143173 0.000000 0.000000 0.000000
0.231350 -0.046396 1.000000 0.347839 -0.145362 0.000000 0.000000 0.000000
0.234824 -0.047861 1.000000 0.346919 -0.147544 0.000000 0.000000 0.000000
0.238289 -0.049347 1.000000 0.345985 -0.149721 0.000000 0.000000 0.000000
0.241744 -0.050855 1.000000 0.345038 -0.151892 0.000000 0.000000 0.000000
0.245189 -0.052385 1.000000 0.344077 -0.154057 0.000000 0.000000 0.000000
0.248625 -0.053936 1.000000 0.343102 -0.156216 0.000000 0.000000 0.000000
0.252051 -0.055509 1.000000 0.342114 -0.158369 0.000000 0.000000 0.000000
0.255468 -0.057104 1.000000 0.341112 -0.160515 0.000000 0.000000 0.000000
0.258874 -0.058720 1.000000 0.340096 -0.162655 0.000000 0.000000 0.000000
0.262269 -0.060357 1.000000 0.339068 -0.164789 0.000000 0.000000 0.000000
0.265655 -0.062015 1.000000 0.338026 -0.166916 0.000000 0.000000 0.000000
0.269030 -0.063695 1.000000 0.336970 -0.169036 0.000000 0.000000 0.000000
0.272394 -0.065396 1.000000 0.335902 -0.171150 0.000000 0.000000 0.000000
0.275748 -0.067118 1.000000 0.334820 -0.173258 0.000000 0.000000 0.000000
0.279091 -0.068861 1.000000 0.333724 -0.175358 0.000000 0.000000 0.000000
0.282422 -0.070625 1.000000 0.332616 -0.177451 0.000000 0.000000 0.000000
0.285743 -0.072410 1.000000 0.331494 -0.179538 0.000000 0.000000 0.000000
0.289052 -0.074216 1.000000 0.330360 -0.181617 0.000000 0.000000 0.000000
0.292350 -0.076043 1.000000 0.329212 -0.183689 0.000000 0.000000 0.000000
0.295636 -0.077890 1.000000 0.328052 -0.185754 0.000000 0.000000 0.000000
0.298911 -0.079758 1.000000 0.326878 -0.187811 0.000000 0.000000 0.000000
0.302174 -0.081646 1.000000 0.325691 -0.189861 0.000000 0.000000 0.000000
0.305425 -0.083555 1.000000 0.324492 -0.191904 0.000000 0.000000 0.000000
0.308664 -0.085484 1.000000 0.323280 -0.193939 0.000000 0.000000 0.000000
0.311890 -0.087434 1.000000 0.322055 -0.195967 0.000000 0.000000 0.000000
0.315105 -0.089403 1.000000 0.320817 -0.197986 0.000000 0.000000 0.000000
0.318307 -0.091393 1.000000 0.319567 -0.199998 0.000000 0.000000 0.000000
0.321496 -0.093403 1.000000 0.318304 -0.202002 0.000000 0.000000 0.000000
0.324673 -0.095433 1.000000 0.317029 -0.203998 0.000000 0.000000 0.000000
0.327837 -0.097483 1.000000 0.315741 -0.205986 0.000000 0.000000 0.000000
0.330988 -0.099553 1.000000 0.314440 -0.207966 0.000000 0.000000 0.000000
0.334125 -0.101642 1.000000 0.313127 -0.209937 0.000000 0.000000 0.000000
0.337250 -0.103752 1.000000 0.311802 -0.211900 0.000000 0.000000 0.000000
0.340361 -0.105880 1.000000 0.310464 -0.213855 0.000000 0.000000 0.000000
0.343459 -0.108029 1.000000 0.309115 -0.215802 0.000000 0.000000 0.000000
0.346544 -0.110196 1.000000 0.307753 -0.217740 0.000000 0.000000 0.000000
0.349614 -0.112383 1.000000 0.306378 -0.219669 0.000000 0.000000 0.000000
0.352671 -0.114590 1.000000 0.304992 -0.221590 0.000000 0.000000 0.000000
0.355714 -0.116815 1.000000 0.303594 -0.223502 0.000000 0.000000 0.000000
0.358743 -0.119060 1.000000 0.302184 -0.225405 0.000000 0.000000 0.000000
0.361758 -0.121323 1.000000 0.300761 -0.227299 0.000000 0.000000 0.000000
0.364758 -0.123606 1.000000 0.299327 -0.229184 0.000000 0.000000 0.000000
0.367744 -0.125907 1.000000 0.297881 -0.231061 0.000000 0.000000 0.000000
0.370716 -0.128227 1.000000 0.296424 -0.232928 0.000000 0.000000 0.000000
0.373673 -0.130566 1.000000 0.294954 -0.234785 0.000000 0.000000 0.000000
0.376615 -0.132923 1.000000 0.293473 -0.236634 0.000000 0.000000 0.000000
0.379542 -0.135298 1.000000 0.291981 -0.238473 0.000000 0.000000 0.000000
0.382454 -0.137692 1.000000 0.290477 -0.240303 0.000000 0.000000 0.000000
0.385352 -0.140104 1.000000 0.288961 -0.242124 0.000000 0.000000 0.000000
0.388234 -0.142534 1.000000 0.287434 -0.243934 0.000000 0.000000 0.000000
0.391100 -0.144983 1.000000 0.285896 -0.245736 0.000000 0.000000 0.000000
0.393951 -0.147449 1.000000 0.284346 -0.247527 0.000000 0.000000 0.000000
0.396787 -0.149933 1.000000 0.282785 -0.249309 0.000000 0.000000 0.000000
0.399607 -0.152435 1.000000 0.281213 -0.251081 0.000000 0.000000 0.000000
0.402411 -0.154955 1.000000 0.279630 -0.252842 0.000000 0.000000 0.000000
0.405200 -0.157492 1.000000 0.278036 -0.254594 0.000000 0.000000 0.000000
0.407972 -0.160047 1.000000 0.276431 -0.256336 0.000000 0.000000 0.000000
0.410728 -0.162619 1.000000 0.274815 -0.258068 0.000000 0.000000 0.000000
0.413468 -0.165208 1.000000 0.273188 -0.259790 0.000000 0.000000 0.000000
0.416192 -0.167815 1.000000 0.271550 -0.261501 0.000000 0.000000 0.000000
0.418899 -0.170438 1.000000 0.269902 -0.263202 0.000000 0.000000 0.000000
0.421590 -0.173079 1.000000 0.268243 -0.264893 0.000000 0.000000 0.000000
0.424264 -0.175736 1.000000 0.266573 -0.266573 0.000000 0.000000 0.000000
0.426921 -0.178410 1.000000 0.264893 -0.268243 0.000000 0.000000 0.000000
0.429562 -0.181101 1.000000 0.263202 -0.269902 0.000000 0.000000 0.000000
0.432185 -0.183808 1.000000 0.261501 -0.271550 0.000000 0.000000 0.000000
0.434792 -0.186532 1.000000 0.259790 -0.273188 0.000000 0.000000 0.000000
0.437381 -0.189272 1.000000 0.258068 -0.274815 0.000000 0.000000 0.000000
0.439953 -0.192028 1.000000 0.256336 -0.276431 0.000000 0.000000 0.000000
0.442508 -0.194800 1.000000 0.254594 -0.278036 0.000000 0.000000 0.000000
0.445045 -0.197589 1.000000 0.252843 -0.279630 0.000000 0.000000 0.000000
0.447565 -0.200393 1.000000 0.251081 -0.281213 0.000000 0.000000 0.000000
0.450067 -0.203213 1.000000 0.249309 -0.282785 0.000000 0.000000 0.000000
0.452551 -0.206049 1.000000 0.247527 -0.284346 0.000000 0.000000 0.000000
0.455017 -0.208900 1.000000 0.245736 -0.285896 0.000000 0.000000 0.000000
0.457466 -0.211766 1.000000 0.243934 -0.287434 0.000000 0.000000 0.000000
0.459896 -0.214648 1.000000 0.242124 -0.288961 0.000000 0.000000 0.000000
0.462308 -0.217546 1.000000 0.240303 -0.290477 0.000000 0.000000 0.000000
0.464702 -0.220458 1.000000 0.238473 -0.291981 0.000000 0.000000 0.000000
0.467077 -0.223385 1.000000 0.236634 -0.293473 0.000000 0.000000 0.000000
0.469434 -0.226327 1.000000 0.234785 -0.294954 0.000000 0.000000 0.000000
0.471773 -0.229284 1.000000 0.232928 -0.296424 0.000000 0.000000 0.000000
0.474093 -0.232256 1.000000 0.231061 -0.297881 0.000000 0.000000 0.000000
0.476394 -0.235242 1.000000 0.229184 -0.299327 0.000000 0.000000 0.000000
0.478677 -0.238242 1.000000 0.227299 -0.300761 0.000000 0.000000 0.000000
0.480940 -0.241257 1.000000 0.225405 -0.302184 0.000000 0.000000 0.000000
0.483185 -0.244286 1.000000 0.223502 -0.303594 0.000000 0.000000 0.000000
0.485410 -0.247329 1.000000 0.221590 -0.304992 0.000000 0.000000 0.000000
0.487616 -0.250386 1.000000 0.219669 -0.306378 0.000000 0.000000 0.000000
0.489804 -0.253456 1.000000 0.217740 -0.307753 0.000000 0.000000 0.000000
0.491971 -0.256541 1.000000 0.215802 -0.309115 0.000000 0.000000 0.000000
0.494120 -0.259639 1.000000 0.213855 -0.310464 0.000000 0.000000 0.000000
0.496248 -0.262750 1.000000 0.211900 -0.311802 0.000000 0.000000 0.000000
0.498358 -0.265875 1.000000 0.209937 -0.313127 0.000000 0.000000 0.000000
0.500447 -0.269012 1.000000 0.207966 -0.314440 0.000000 0.000000 0.000000
0.502517 -0.272163 1.000000 0.205986 -0.315741 0.000000 0.000000 0.000000
0.504567 -0.275327 1.000000 0.203998 -0.317029 0.000000 0.000000 0.000000
0.506597 -0.278504 1.000000 0.202002 -0.318304 0.000000 0.000000 0.000000
0.508607 -0.281693 1.000000 0.199998 -0.319567 0.000000 0.000000 0.000000
0.510597 -0.284895 1.000000 0.197986 -0.320817 0.000000 0.000000 0.000000
0.512566 -0.288110 1.000000 0.195967 -0.322055 0.000000 0.000000 0.000000
0.514516 -0.291336 1.000000 0.193939 -0.323280 0.000000 0.000000 0.000000
0.516445 -0.294575 1.000000 0.191904 -0.324492 0.000000 0.000000 0.000000
0.518354 -0.297826 1.000000 0.189861 -0.325691 0.000000 0.000000 0.000000
0.520242 -0.301089 1.000000 0.187811 -0.326878 0.000000 0.000000 0.000000
0.522110 -0.304364 1.000000 0.185754 -0.328052 0.000000 0.000000 0.000000
0.523957 -0.307650 1.000000 0.183689 -0.329212 0.000000 0.000000 0.000000
0.525784 -0.310948 1.000000 0.181617 -0.330360 0.000000 0.000000 0.000000
0.527590 -0.314257 1.000000 0.179538 -0.331494 0.000000 0.000000 0.000000
0.529375 -0.317578 1.000000 0.177451 -0.332616 0.000000 0.000000 0.000000
0.531139 -0.320909 1.000000 0.175358 -0.333724 0.000000 0.000000 0.000000
0.532882 -0.324252 1.000000 0.173258 -0.334820 0.000000 0.000000 0.000000
0.534604 -0.327606 1.000000 0.171150 -0.335902 0.000000 0.000000 0.000000
0.536305 -0.330970 1.000000 0.169036 -0.336970 0.000000 0.000000 0.000000
0.537985 -0.334345 1.000000 0.166916 -0.338026 0.000000 0.000000 0.000000
0.539643 -0.337731 1.000000 0.164789 -0.339068 0.000000 0.000000 0.000000
0.541280 -0.341126 1.000000 0.162655 -0.340096 0.000000 0.000000 0.000000
0.542896 -0.344532 1.000000 0.160515 -0.341112 0.000000 0.000000 0.000000
0.544491 -0.347949 1.000000 0.158369 -0.342114 0.000000 0.000000 0.000000
0.546064 -0.351375 1.000000 0.156216 -0.343102 0.000000 0.000000 0.000000
0.547615 -0.354811 1.000000 0.154057 -0.344077 0.000000 0.000000 0.000000
0.549145 -0.358256 1.000000 0.151892 -0.345038 0.000000 0.000000 0.000000
0.550653 -0.361711 1.000000 0.149721 -0.345985 0.000000 0.000000 0.000000
0.552139 -0.365176 1.000000 0.147544 -0.346919 0.000000 0.000000 0.000000
0.553604 -0.368650 1.000000 0.145362 -0.347839 0.000000 0.000000 0.000000
0.555046 -0.372133 1.000000 0.143173 -0.348746 0.000000 0.000000 0.000000
0.556467 -0.375624 1.000000 0.140979 -0.349639 0.000000 0.000000 0.000000
0.557866 -0.379125 1.000000 0.138780 -0.350517 0.000000 0.000000 0.000000
0.559243 -0.382635 1.000000 0.136575 -0.351383 0.000000 0.000000 0.000000
0.560597 -0.386153 1.000000 0.134364 -0.352234 0.000000 0.000000 0.000000
0.561930 -0.389679 1.000000 0.132148 -0.353071 0.000000 0.000000 0.000000
0.563240 -0.393214 1.000000 0.129927 -0.353894 0.000000 0.000000 0.000000
0.564528 -0.396757 1.000000 0.127701 -0.354704 0.000000 0.000000 0.000000
0.565794 -0.400308 1.000000 0.125470 -0.355499 0.000000 0.000000 0.000000
0.567038 -0.403867 1.000000 0.123234 -0.356280 0.000000 0.000000 0.000000
0.568259 -0.407434 1.000000 0.120993 -0.357048 0.000000 0.000000 0.000000
0.569458 -0.411008 1.000000 0.118747 -0.357801 0.000000 0.000000 0.000000
0.570634 -0.414590 1.000000 0.116497 -0.358540 0.000000 0.000000 0.000000
0.571788 -0.418179 1.000000 0.114242 -0.359265 0.000000 0.000000 0.000000
0.572919 -0.421775 1.000000 0.111982 -0.359975 0.000000 0.000000 0.000000
0.574027 -0.425378 1.000000 0.109718 -0.360672 0.000000 0.000000 0.000000
0.575113 -0.428988 1.000000 0.107450 -0.361354 0.000000 0.000000 0.000000
0.576176 -0.432605 1.000000 0.105177 -0.362022 0.000000 0.000000 0.000000
0.577217 -0.436229 1.000000 0.102900 -0.362676 0.000000 0.000000 0.000000
0.578234 -0.439859 1.000000 0.100620 -0.363315 0.000000 0.000000 0.000000
0.579229 -0.443495 1.000000 0.098335 -0.363940 0.000000 0.000000 0.000000
0.580201 -0.447138 1.000000 0.096046 -0.364551 0.000000 0.000000 0.000000
0.581150 -0.450786 1.000000 0.093754 -0.365147 0.000000 0.000000 0.000000
0.582076 -0.454440 1.000000 0.091458 -0.365729 0.000000 0.000000 0.000000
0.582979 -0.458101 1.000000 0.089158 -0.366297 0.000000 0.000000 0.000000
0.583859 -0.461766 1.000000 0.086855 -0.366849 0.000000 0.000000 0.000000
0.584716 -0.465438 1.000000 0.084548 -0.367388 0.000000 0.000000 0.000000
0.585550 -0.469114 1.000000 0.082238 -0.367912 0.000000 0.000000 0.000000
0.586361 -0.472796 1.000000 0.079925 -0.368421 0.000000 0.000000 0.000000
0.587149 -0.476482 1.000000 0.077608 -0.368916 0.000000 0.000000 0.000000
0.587913 -0.480174 1.000000 0.075289 -0.369397 0.000000 0.000000 0.000000
0.588654 -0.483870 1.000000 0.072966 -0.369862 0.000000 0.000000 0.000000
0.589372 -0.487571 1.000000 0.070641 -0.370314 0.000000 0.000000 0.000000
0.590067 -0.491277 1.000000 0.068313 -0.370750 0.000000 0.000000 0.000000
0.590739 -0.494986 1.000000 0.065982 -0.371172 0.000000 0.000000 0.000000
0.591387 -0.498700 1.000000 0.063649 -0.371579 0.000000 0.000000 0.000000
0.592012 -0.502418 1.000000 0.061313 -0.371972 0.000000 0.000000 0.000000
0.592613 -0.506139 1.000000 0.058974 -0.372350 0.000000 0.000000 0.000000
0.593191 -0.509865 1.000000 0.056634 -0.372713 0.000000 0.000000 0.000000
0.593746 -0.513594 1.000000 0.054291 -0.373061 0.000000 0.000000 0.000000
0.594277 -0.517326 1.000000 0.051946 -0.373395 0.000000 0.000000 0.000000
0.594785 -0.521061 1.000000 0.049599 -0.373714 0.000000 0.000000 0.000000
0.595269 -0.524800 1.000000 0.047250 -0.374018 0.000000 0.000000 0.000000
0.595730 -0.528542 1.000000 0.044899 -0.374308 0.000000 0.000000 0.000000
0.596167 -0.532286 1.000000 0.042546 -0.374583 0.000000 0.000000 0.000000
0.596580 -0.536033 1.000000 0.040191 -0.374843 0.000000 0.000000 0.000000
0.596971 -0.539783 1.000000 0.037835 -0.375088 0.000000 0.000000 0.000000
0.597337 -0.543535 1.000000 0.035478 -0.375318 0.000000 0.000000 0.000000
0.597680 -0.547289 1.000000 0.033119 -0.375534 0.000000 0.000000 0.000000
0.598000 -0.551046 1.000000 0.030759 -0.375734 0.000000 0.000000 0.000000
0.598295 -0.554804 1.000000 0.028398 -0.375920 0.000000 0.000000 0.000000
0.598568 -0.558564 1.000000 0.026035 -0.376091 0.000000 0.000000 0.000000
0.598816 -0.562326 1.000000 0.023671 -0.376247 0.000000 0.000000 0.000000
0.599041 -0.566089 1.000000 0.021307 -0.376389 0.000000 0.000000 0.000000
0.599242 -0.569853 1.000000 0.018942 -0.376515 0.000000 0.000000 0.000000
0.599420 -0.573619 1.000000 0.016576 -0.376627 0.000000 0.000000 0.000000
0.599574 -0.577386 1.000000 0.014209 -0.376723 0.000000 0.000000 0.000000
0.599704 -0.581154 1.000000 0.011842 -0.376805 0.000000 0.000000 0.000000
0.599811 -0.584922 1.000000 0.009474 -0.376872 0.000000 0.000000 0.000000
0.599893 -0.588691 1.000000 0.007106 -0.376924 0.000000 0.000000 0.000000
0.599953 -0.592460 1.000000 0.004737 -0.376961 0.000000 0.000000 0.000000
0.599988 -0.596230 1.000000 0.002369 -0.376984 0.000000 0.000000 0.000000
0.600000 -0.600000 1.000000 0.000000 -0.376991 0.000000 0.000000 0.000000
0.599988 -0.603770 1.000000 -0.002369 -0.376984 0.000000 0.000000 0.000000
0.599953 -0.607540 1.000000 -0.004737 -0.376961 0.000000 0.000000 0.000000
0.599893 -0.611309 1.000000 -0.007106 -0.376924 0.000000 0.000000 0.000000
0.599811 -0.615078 1.000000 -0.009474 -0.376872 0.000000 0.000000 0.000000
0.599704 -0.618846 1.000000 -0.011842 -0.376805 0.000000 0.000000 0.000000
0.599574 -0.622614 1.000000 -0.014209 -0.376723 0.000000 0.000000 0.000000
0.599420 -0.626381 1.000000 -0.016576 -0.376627 0.000000 0.000000 0.000000
0.599242 -0.630147 1.000000 -0.018942 -0.376515 0.000000 0.000000 0.000000
0.599041 -0.633911 1.000000 -0.021307 -0.376389 0.000000 0.000000 0.000000
0.598816 -0.637674 1.000000 -0.023671 -0.376247 0.000000 0.000000 0.000000
0.598568 -0.641436 1.000000 -0.026035 -0.376091 0.000000 0.000000 0.000000
0.598295 -0.645196 1.000000 -0.028398 -0.375920 0.000000 0.000000 0.000000
0.598000 -0.648954 1.000000 -0.030759 -0.375734 0.000000 0.000000 0.000000
0.597680 -0.652711 1.000000 -0.033119 -0.375534 0.000000 0.000000 0.000000
0.597337 -0.656465 1.000000 -0.035478 -0.375318 0.000000 0.000000 0.000000
0.596971 -0.660217 1.000000 -0.037835 -0.375088 0.000000 0.000000 0.000000
0.596580 -0.663967 1.000000 -0.040191 -0.374843 0.000000 0.000000 0.000000
0.596167 -0.667714 1.000000 -0.042546 -0.374583 0.000000 0.000000 0.000000
0.595730 -0.671458 1.000000 -0.044899 -0.374308 0.000000 0.000000 0.000000
0.595269 -0.675200 1.000000 -0.047250 -0.374018 0.000000 0.000000 0.000000
0.594785 -0.678939 1.000000 -0.049599 -0.373714 0.000000 0.000000 0.000000
0.594277 -0.682674 1.000000 -0.051946 -0.373395 0.000000 0.000000 0.000000
0.593746 -0.686406 1.000000 -0.054291 -0.373061 0.000000 0.000000 0.000000
0.593191 -0.690135 1.000000 -0.056634 -0.372713 0.000000 0.000000 0.000000
0.592613 -0.693861 1.000000 -0.058974 -0.372350 0.000000 0.000000 0.000000
0.592012 -0.697582 1.000000 -0.061313 -0.371972 0.000000 0.000000 0.000000
0.591387 -0.701300 1.000000 -0.063649 -0.371579 0.000000 0.000000 0.000000
0.590739 -0.705014 1.000000 -0.065982 -0.371172 0.000000 0.000000 0.000000
0.590067 -0.708723 1.000000 -0.068313 -0.370750 0.000000 0.000000 0.000000
0.589372 -0.712429 1.000000 -0.070641 -0.370314 0.000000 0.000000 0.000000
0.588654 -0.716130 1.000000 -0.072966 -0.369862 0.000000 0.000000 0.000000
0.587913 -0.719826 1.000000 -0.075289 -0.369397 0.000000 0.000000 0.000000
0.587149 -0.723518 1.000000 -0.077608 -0.368916 0.000000 0.000000 0.000000
0.586361 -0.727204 1.000000 -0.079925 -0.368421 0.000000 0.000000 0.000000
0.585550 -0.730886 1.000000 -0.082238 -0.367912 0.000000 0.000000 0.000000
0.584716 -0.734562 1.000000 -0.084548 -0.367388 0.000000 0.000000 0.000000
0.583859 -0.738234 1.000000 -0.086855 -0.366849 0.000000 0.000000 0.000000
0.582979 -0.741899 1.000000 -0.089158 -0.366297 0.000000 0.000000 0.000000
0.582076 -0.745560 1.000000 -0.091458 -0.365729 0.000000 0.000000 0.000000
0.581150 -0.749214 1.000000 -0.093754 -0.365147 0.000000 0.000000 0.000000
0.580201 -0.752862 1.000000 -0.096046 -0.364551 0.000000 0.000000 0.000000
0.579229 -0.756505 1.000000 -0.098335 -0.363940 0.000000 0.000000 0.000000
0.578234 -0.760141 1.000000 -0.100620 -0.363315 0.000000 0.000000 0.000000
0.577217 -0.763771 1.000000 -0.102900 -0.362676 0.000000 0.000000 0.000000
0.576176 -0.767395 1.000000 -0.105177 -0.362022 0.000000 0.000000 0.000000
0.575113 -0.771012 1.000000 -0.107450 -0.361354 0.000000 0.000000 0.000000
0.574027 -0.774622 1.000000 -0.109718 -0.360672 0.000000 0.000000 0.000000
0.572919 -0.778225 1.000000 -0.111982 -0.359975 0.000000 0.000000 0.000000
0.571788 -0.781821 1.000000 -0.114242 -0.359265 0.000000 0.000000 0.000000
0.570634 -0.785410 1.000000 -0.116497 -0.358540 0.000000 0.000000 0.000000
0.569458 -0.788992 1.000000 -0.118747 -0.357801 0.000000 0.000000 0.000000
0.568259 -0.792566 1.000000 -0.120993 -0.357048 0.000000 0.000000 0.000000
0.567038 -0.796133 1.000000 -0.123234 -0.356280 0.000000 0.000000 0.000000
0.565794 -0.799692 1.000000 -0.125470 -0.355499 0.000000 0.000000 0.000000
0.564528 -0.803243 1.000000 -0.127701 -0.354704 0.000000 0.000000 0.000000
0.563240 -0.806786 1.000000 -0.129927 -0.353894 0.000000 0.000000 0.000000
0.561930 -0.810321 1.000000 -0.132148 -0.353071 0.000000 0.000000 0.000000
0.560597 -0.813847 1.000000 -0.134364 -0.352234 0.000000 0.000000 0.000000
0.559243 -0.817365 1.000000 -0.136575 -0.351383 0.000000 0.000000 0.000000
0.557866 -0.820875 1.000000 -0.138780 -0.350517 0.000000 0.000000 0.000000
0.556467 -0.824376 1.000000 -0.140979 -0.349639 0.000000 0.000000 0.000000
0.555046 -0.827867 1.000000 -0.143173 -0.348746 0.000000 0.000000 0.000000
0.553604 -0.831350 1.000000 -0.145362 -0.347839 0.000000 0.000000 0.000000
0.552139 -0.834824 1.000000 -0.147544 -0.346919 0.000000 0.000000 0.000000
0.550653 -0.838289 1.000000 -0.149721 -0.345985 0.000000 0.000000 0.000000
0.549145 -0.841744 1.000000 -0.151892 -0.345038 0.000000 0.000000 0.000000
0.547615 -0.845189 1.000000 -0.154057 -0.344077 0.000000 0.000000 0.000000
0.546064 -0.848625 1.000000 -0.156216 -0.343102 0.000000 0.000000 0.000000
0.544491 -0.852051 1.000000 -0.158369 -0.342114 0.000000 0.000000 0.000000
0.542896 -0.855468 1.000000 -0.160515 -0.341112 0.000000 0.000000 0.000000
0.541280 -0.858874 1.000000 -0.162655 -0.340096 0.000000 0.000000 0.000000
0.539643 -0.862269 1.000000 -0.164789 -0.339068 0.000000 0.000000 0.000000
0.537985 -0.865655 1.000000 -0.166916 -0.338026 0.000000 0.000000 0.000000
0.536305 -0.869030 1.000000 -0.169036 -0.336970 0.000000 0.000000 0.000000
0.534604 -0.872394 1.000000 -0.171150 -0.335902 0.000000 0.000000 0.000000
0.532882 -0.875748 1.000000 -0.173258 -0.334820 0.000000 0.000000 0.000000
0.531139 -0.879091 1.000000 -0.175358 -0.333724 0.000000 0.000000 0.000000
0.529375 -0.882422 1.000000 -0.177451 -0.332616 0.000000 0.000000 0.000000
0.527590 -0.885743 1.000000 -0.179538 -0.331494 0.000000 0.000000 0.000000
0.525784 -0.889052 1.000000 -0.181617 -0.330360 0.000000 0.000000 0.000000
0.523957 -0.892350 1.000000 -0.183689 -0.329212 0.000000 0.000000 0.000000
0.522110 -0.895636 1.000000 -0.185754 -0.328052 0.000000 0.000000 0.000000
0.520242 -0.898911 1.000000 -0.187811 -0.326878 0.000000 0.000000 0.000000
0.518354 -0.902174 1.000000 -0.189861 -0.325691 0.000000 0.000000 0.000000
0.516445 -0.905425 1.000000 -0.191904 -0.324492 0.000000 0.000000 0.000000
0.514516 -0.908664 1.000000 -0.193939 -0.323280 0.000000 0.000000 0.000000
0.512566 -0.911890 1.000000 -0.195967 -0.322055 0.000000 0.000000 0.000000
0.510597 -0.915105 1.000000 -0.197986 -0.320817 0.000000 0.000000 0.000000
0.508607 -0.918307 1.000000 -0.199998 -0.319567 0.000000 0.000000 0.000000
0.506597 -0.921496 1.000000 -0.202002 -0.318304 0.000000 0.000000 0.000000
0.504567 -0.924673 1.000000 -0.203998 -0.317029 0.000000 0.000000 0.000000
0.502517 -0.927837 1.000000 -0.205986 -0.315741 0.000000 0.000000 0.000000
0.500447 -0.930988 1.000000 -0.207966 -0.314440 0.000000 0.000000 0.000000
0.498358 -0.934125 1.000000 -0.209937 -0.313127 0.000000 0.000000 0.000000
0.496248 -0.937250 1.000000 -0.211900 -0.311802 0.000000 0.000000 0.000000
0.494120 -0.940361 1.000000 -0.213855 -0.310464 0.000000 0.000000 0.000000
0.491971 -0.943459 1.000000 -0.215802 -0.309115 0.000000 0.000000 0.000000
0.489804 -0.946544 1.000000 -0.217740 -0.307753 0.000000 0.000000 0.000000
0.487617 -0.949614 1.000000 -0.219669 -0.306378 0.000000 0.000000 0.000000
0.485410 -0.952671 1.000000 -0.221590 -0.304992 0.000000 0.000000 0.000000
0.483185 -0.955714 1.000000 -0.223502 -0.303594 0.000000 0.000000 0.000000
0.480940 -0.958743 1.000000 -0.225405 -0.302184 0.000000 0.000000 0.000000
0.478677 -0.961758 1.000000 -0.227299 -0.300761 0.000000 0.000000 0.000000
0.476394 -0.964758 1.000000 -0.229184 -0.299327 0.000000 0.000000 0.000000
0.474093 -0.967744 1.000000 -0.231061 -0.297881 0.000000 0.000000 0.000000
0.471773 -0.970716 1.000000 -0.232928 -0.296424 0.000000 0.000000 0.000000
0.469435 -0.973673 1.000000 -0.234785 -0.294954 0.000000 0.000000 0.000000
0.467077 -0.976615 1.000000 -0.236634 -0.293473 0.000000 0.000000 0.000000
0.464702 -0.979542 1.000000 -0.238473 -0.291981 0.000000 0.000000 0.000000
0.462308 -0.982454 1.000000 -0.240303 -0.290477 0.000000 0.000000 0.000000
0.459896 -0.985352 1.000000 -0.242124 -0.288961 0.000000 0.000000 0.000000
0.457466 -0.988234 1.000000 -0.243934 -0.287434 0.000000 0.000000 0.000000
0.455017 -0.991100 1.000000 -0.245736 -0.285896 0.000000 0.000000 0.000000
0.452551 -0.993951 1.000000 -0.247527 -0.284346 0.000000 0.000000 0.000000
0.450067 -0.996787 1.000000 -0.249309 -0.282785 0.000000 0.000000 0.000000
0.447565 -0.999607 1.000000 -0.251081 -0.281213 0.000000 0.000000 0.000000
0.445045 -1.002411 1.000000 -0.252842 -0.279630 0.000000 0.000000 0.000000
0.442508 -1.005200 1.000000 -0.254594 -0.278036 0.000000 0.000000 0.000000
0.439953 -1.007972 1.000000 -0.256336 -0.276431 0.000000 0.000000 0.000000
0.437381 -1.010728 1.000000 -0.258068 -0.274815 0.000000 0.000000 0.000000
0.434792 -1.013468 1.000000 -0.259790 -0.273188 0.000000 0.000000 0.000000
0.432185 -1.016192 1.000000 -0.261501 -0.271550 0.000000 0.000000 0.000000
0.429562 -1.018899 1.000000 -0.263202 -0.269902 0.000000 0.000000 0.000000
0.426921 -1.021590 1.000000 -0.264893 -0.268243 0.000000 0.000000 0.000000
0.424264 -1.024264 1.000000 -0.266573 -0.266573 0.000000 0.000000 0.000000
0.421590 -1.026921 1.000000 -0.268243 -0.264893 0.000000 0.000000 0.000000
0.418899 -1.029562 1.000000 -0.269902 -0.263202 0.000000 0.000000 0.000000
0.416192 -1.032185 1.000000 -0.271550 -0.261501 0.000000 0.000000 0.000000
0.413468 -1.034792 1.000000 -0.273188 -0.259790 0.000000 0.000000 0.000000
0.410728 -1.037381 1.000000 -0.274815 -0.258068 0.000000 0.000000 0.000000
0.407972 -1.039953 1.000000 -0.276431 -0.256336 0.000000 0.000000 0.000000
0.405200 -1.042508 1.000000 -0.278036 -0.254594 0.000000 0.000000 0.000000
0.402411 -1.045045 1.000000 -0.279630 -0.252843 0.000000 0.000000 0.000000
0.399607 -1.047565 1.000000 -0.281213 -0.251081 0.000000 0.000000 0.000000
0.396787 -1.050067 1.000000 -0.282785 -0.249309 0.000000 0.000000 0.000000
0.393951 -1.052551 1.000000 -0.284346 -0.247527 0.000000 0.000000 0.000000
0.391100 -1.055017 1.000000 -0.285896 -0.245736 0.000000 0.000000 0.000000
0.388234 -1.057465 1.000000 -0.287434 -0.243934 0.000000 0.000000 0.000000
0.385352 -1.059896 1.000000 -0.288961 -0.242124 0.000000 0.000000 0.000000
0.382454 -1.062308 1.000000 -0.290477 -0.240303 0.000000 0.000000 0.000000
0.379542 -1.064702 1.000000 -0.291981 -0.238473 0.000000 0.000000 0.000000
0.376615 -1.067077 1.000000 -0.293473 -0.236634 0.000000 0.000000 0.000000
0.373673 -1.069434 1.000000 -0.294954 -0.234785 0.000000 0.000000 0.000000
0.370716 -1.071773 1.000000 -0.296424 -0.232928 0.000000 0.000000 0.000000
0.367744 -1.074093 1.000000 -0.297881 -0.231061 0.000000 0.000000 0.000000
0.364758 -1.076394 1.000000 -0.299327 -0.229184 0.000000 0.000000 0.000000
0.361758 -1.078677 1.000000 -0.300761 -0.227299 0.000000 0.000000 0.000000
0.358743 -1.080940 1.000000 -0.302184 -0.225405 0.000000 0.000000 0.000000
0.355714 -1.083185 1.000000 -0.303594 -0.223502 0.000000 0.000000 0.000000
0.352671 -1.085410 1.000000 -0.304992 -0.221590 0.000000 0.000000 0.000000
0.349614 -1.087616 1.000000 -0.306378 -0.219669 0.000000 0.000000 0.000000
0.346544 -1.089804 1.000000 -0.307753 -0.217740 0.000000 0.000000 0.000000
0.343459 -1.091971 1.000000 -0.309115 -0.215802 0.000000 0.000000 0.000000
0.340361 -1.094120 1.000000 -0.310464 -0.213855 0.000000 0.000000 0.000000
0.337250 -1.096248 1.000000 -0.311802 -0.211900 0.000000 0.000000 0.000000
0.334125 -1.098358 1.000000 -0.313127 -0.209937 0.000000 0.000000 0.000000
0.330988 -1.100447 1.000000 -0.314440 -0.207966 0.000000 0.000000 0.000000
0.327837 -1.102517 1.000000 -0.315741 -0.205986 0.000000 0.000000 0.000000
0.324673 -1.104567 1.000000 -0.317029 -0.203998 0.000000 0.000000 0.000000
0.321496 -1.106597 1.000000 -0.318304 -0.202002 0.000000 0.000000 0.000000
0.318307 -1.108607 1.000000 -0.319567 -0.199998 0.000000 0.000000 0.000000
0.315105 -1.110597 1.000000 -0.320817 -0.197986 0.000000 0.000000 0.000000
0.311890 -1.112566 1.000000 -0.322055 -0.195967 0.000000 0.000000 0.000000
0.308664 -1.114516 1.000000 -0.323280 -0.193939 0.000000 0.000000 0.000000
0.305425 -1.116445 1.000000 -0.324492 -0.191904 0.000000 0.000000 0.000000
0.302174 -1.118354 1.000000 -0.325691 -0.189861 0.000000 0.000000 0.000000
0.298911 -1.120242 1.000000 -0.326878 -0.187811 0.000000 0.000000 0.000000
0.295636 -1.122110 1.000000 -0.328052 -0.185754 0.000000 0.000000 0.000000
0.292350 -1.123957 1.000000 -0.329212 -0.183689 0.000000 0.000000 0.000000
0.289052 -1.125784 1.000000 -0.330360 -0.181617 0.000000 0.000000 0.000000
0.285743 -1.127590 1.000000 -0.331494 -0.179538 0.000000 0.000000 0.000000
0.282422 -1.129375 1.000000 -0.332616 -0.177451 0.000000 0.000000 0.000000
0.279091 -1.131139 1.000000 -0.333724 -0.175358 0.000000 0.000000 0.000000
0.275748 -1.132882 1.000000 -0.334820 -0.173258 0.000000 0.000000 0.000000
0.272394 -1.134604 1.000000 -0.335902 -0.171150 0.000000 0.000000 0.000000
0.269030 -1.136305 1.000000 -0.336970 -0.169037 0.000000 0.000000 0.000000
0.265655 -1.137985 1.000000 -0.338026 -0.166916 0.000000 0.000000 0.000000
0.262269 -1.139643 1.000000 -0.339068 -0.164789 0.000000 0.000000 0.000000
0.258874 -1.141280 1.000000 -0.340096 -0.162655 0.000000 0.000000 0.000000
0.255468 -1.142896 1.000000 -0.341112 -0.160515 0.000000 0.000000 0.000000
0.252051 -1.144491 1.000000 -0.342114 -0.158369 0.000000 0.000000 0.000000
0.248625 -1.146064 1.000000 -0.343102 -0.156216 0.000000 0.000000 0.000000
0.245189 -1.147615 1.000000 -0.344077 -0.154057 0.000000 0.000000 0.000000
0.241744 -1.149145 1.000000 -0.345038 -0.151892 0.000000 0.000000 0.000000
0.238289 -1.150653 1.000000 -0.345985 -0.149721 0.000000 0.000000 0.000000
0.234824 -1.152139 1.000000 -0.346919 -0.147544 0.000000 0.000000 0.000000
0.231350 -1.153604 1.000000 -0.347839 -0.145362 0.000000 0.000000 0.000000
0.227867 -1.155046 1.000000 -0.348746 -0.143173 0.000000 0.000000 0.000000
0.224376 -1.156467 1.000000 -0.349639 -0.140979 0.000000 0.000000 0.000000
0.220875 -1.157866 1.000000 -0.350517 -0.138780 0.000000 0.000000 0.000000
0.217365 -1.159243 1.000000 -0.351383 -0.136575 0.000000 0.000000 0.000000
0.213847 -1.160597 1.000000 -0.352234 -0.134364 0.000000 0.000000 0.000000
0.210321 -1.161930 1.000000 -0.353071 -0.132148 0.000000 0.000000 0.000000
0.206786 -1.163240 1.000000 -0.353894 -0.129927 0.000000 0.000000 0.000000
0.203243 -1.164528 1.000000 -0.354704 -0.127701 0.000000 0.000000 0.000000
0.199692 -1.165794 1.000000 -0.355499 -0.125470 0.000000 0.000000 0.000000
0.196133 -1.167038 1.000000 -0.356280 -0.123234 0.000000 0.000000 0.000000
0.192566 -1.168259 1.000000 -0.357048 -0.120993 0.000000 0.000000 0.000000
0.188992 -1.169458 1.000000 -0.357801 -0.118747 0.000000 0.000000 0.000000
0.185410 -1.170634 1.000000 -0.358540 -0.116497 0.000000 0.000000 0.000000
0.181821 -1.171788 1.000000 -0.359265 -0.114242 0.000000 0.000000 0.000000
0.178225 -1.172919 1.000000 -0.359975 -0.111982 0.000000 0.000000 0.000000
0.174622 -1.174027 1.000000 -0.360672 -0.109718 0.000000 0.000000 0.000000
0.171012 -1.175113 1.000000 -0.361354 -0.107450 0.000000 0.000000 0.000000
0.167395 -1.176176 1.000000 -0.362022 -0.105177 0.000000 0.000000 0.000000
0.163771 -1.177217 1.000000 -0.362676 -0.102900 0.000000 0.000000 0.000000
0.160141 -1.178234 1.000000 -0.363315 -0.100620 0.000000 0.000000 0.000000
0.156505 -1.179229 1.000000 -0.363940 -0.098335 0.000000 0.000000 0.000000
0.152862 -1.180201 1.000000 -0.364551 -0.096046 0.000000 0.000000 0.000000
0.149214 -1.181150 1.000000 -0.365147 -0.093754 0.000000 0.000000 0.000000
0.145560 -1.182076 1.000000 -0.365729 -0.091458 0.000000 0.000000 0.000000
0.141899 -1.182979 1.000000 -0.366297 -0.089158 0.000000 0.000000 0.000000
0.138234 -1.183859 1.000000 -0.366849 -0.086855 0.000000 0.000000 0.000000
0.134562 -1.184716 1.000000 -0.367388 -0.084548 0.000000 0.000000 0.000000
0.130886 -1.185550 1.000000 -0.367912 -0.082238 0.000000 0.000000 0.000000
0.127204 -1.186361 1.000000 -0.368421 -0.079925 0.000000 0.000000 0.000000
0.123518 -1.187149 1.000000 -0.368916 -0.077608 0.000000 0.000000 0.000000
0.119826 -1.187913 1.000000 -0.369397 -0.075289 0.000000 0.000000 0.000000
0.116130 -1.188654 1.000000 -0.369862 -0.072966 0.000000 0.000000 0.000000
0.112429 -1.189372 1.000000 -0.370314 -0.070641 0.000000 0.000000 0.000000
0.108723 -1.190067 1.000000 -0.370750 -0.068313 0.000000 0.000000 0.000000
0.105014 -1.190739 1.000000 -0.371172 -0.065982 0.000000 0.000000 0.000000
0.101300 -1.191387 1.000000 -0.371579 -0.063649 0.000000 0.000000 0.000000
0.097582 -1.192012 1.000000 -0.371972 -0.061313 0.000000 0.000000 0.000000
0.093861 -1.192613 1.000000 -0.372350 -0.058974 0.000000 0.000000 0.000000
0.090135 -1.193191 1.000000 -0.372713 -0.056634 0.000000 0.000000 0.000000
0.086406 -1.193746 1.000000 -0.373061 -0.054291 0.000000 0.000000 0.000000
0.082674 -1.194277 1.000000 -0.373395 -0.051946 0.000000 0.000000 0.000000
0.078939 -1.194785 1.000000 -0.373714 -0.049599 0.000000 0.000000 0.000000
0.075200 -1.195269 1.000000 -0.374018 -0.047250 0.000000 0.000000 0.000000
0.071458 -1.195730 1.000000 -0.374308 -0.044899 0.000000 0.000000 0.000000
0.067714 -1.196167 1.000000 -0.374583 -0.042546 0.000000 0.000000 0.000000
0.063967 -1.196580 1.000000 -0.374843 -0.040191 0.000000 0.000000 0.000000
0.060217 -1.196971 1.000000 -0.375088 -0.037835 0.000000 0.000000 0.000000
0.056465 -1.197337 1.000000 -0.375318 -0.035478 0.000000 0.000000 0.000000
0.052711 -1.197680 1.000000 -0.375534 -0.033119 0.000000 0.000000 0.000000
0.048954 -1.198000 1.000000 -0.375734 -0.030759 0.000000 0.000000 0.000000
0.045196 -1.198295 1.000000 -0.375920 -0.028398 0.000000 0.000000 0.000000
0.041436 -1.198568 1.000000 -0.376091 -0.026035 0.000000 0.000000 0.000000
0.037674 -1.198816 1.000000 -0.376247 -0.023671 0.000000 0.000000 0.000000
0.033911 -1.199041 1.000000 -0.376389 -0.021307 0.000000 0.000000 0.000000
0.030147 -1.199242 1.000000 -0.376515 -0.018942 0.000000 0.000000 0.000000
0.026381 -1.199420 1.000000 -0.376627 -0.016576 0.000000 0.000000 0.000000
0.022614 -1.199574 1.000000 -0.376723 -0.014209 0.000000 0.000000 0.000000
0.018846 -1.199704 1.000000 -0.376805 -0.011842 0.000000 0.000000 0.000000
0.015078 -1.199811 1.000000 -0.376872 -0.009474 0.000000 0.000000 0.000000
0.011309 -1.199893 1.000000 -0.376924 -0.007106 0.000000 0.000000 0.000000
0.007540 -1.199953 1.000000 -0.376961 -0.004737 0.000000 0.000000 0.000000
0.003770 -1.199988 1.000000 -0.376984 -0.002369 0.000000 0.000000 0.000000
0.000000 -1.200000 1.000000 -0.376991 -0.000000 0.000000 0.000000 0.000000
-0.003770 -1.199988 1.000000 -0.376984 0.002369 0.000000 0.000000 0.000000
-0.007540 -1.199953 1.000000 -0.376961 0.004737 0.000000 0.000000 0.000000
-0.011309 -1.199893 1.000000 -0.376924 0.007106 0.000000 0.000000 0.000000
-0.015078 -1.199811 1.000000 -0.376872 0.009474 0.000000 0.000000 0.000000
-0.018846 -1.199704 1.000000 -0.376805 0.011842 0.000000 0.000000 0.000000
-0.022614 -1.199574 1.000000 -0.376723 0.014209 0.000000 0.000000 0.000000
-0.026381 -1.199420 1.000000 -0.376627 0.016576 0.000000 0.000000 0.000000
-0.030147 -1.199242 1.000000 -0.376515 0.018942 0.000000 0.000000 0.000000
-0.033911 -1.199041 1.000000 -0.376389 0.021307 0.000000 0.000000 0.000000
-0.037674 -1.198816 1.000000 -0.376247 0.023671 0.000000 0.000000 0.000000
-0.041436 -1.198568 1.000000 -0.376091 0.026035 0.000000 0.000000 0.000000
-0.045196 -1.198295 1.000000 -0.375920 0.028398 0.000000 0.000000 0.000000
-0.048954 -1.198000 1.000000 -0.375734 0.030759 0.000000 0.000000 0.000000
-0.052711 -1.197680 1.000000 -0.375534 0.033119 0.000000 0.000000 0.000000
-0.056465 -1.197337 1.000000 -0.375318 0.035478 0.000000 0.000000 0.000000
-0.060217 -1.196971 1.000000 -0.375088 0.037835 0.000000 0.000000 0.000000
-0.063967 -1.196580 1.000000 -0.374843 0.040191 0.000000 0.000000 0.000000
-0.067714 -1.196167 1.000000 -0.374583 0.042546 0.000000 0.000000 0.000000
-0.071458 -1.195730 1.000000 -0.374308 0.044899 0.000000 0.000000 0.000000
-0.075200 -1.195269 1.000000 -0.374018 0.047249 0.000000 0.000000 0.000000
-0.078939 -1.194785 1.000000 -0.373714 0.049599 0.000000 0.000000 0.000000
-0.082674 -1.194277 1.000000 -0.373395 0.051946 0.000000 0.000000 0.000000
-0.086406 -1.193746 1.000000 -0.373061 0.054291 0.000000 0.000000 0.000000
-0.090135 -1.193191 1.000000 -0.372713 0.056634 0.000000 0.000000 0.000000
-0.093861 -1.192613 1.000000 -0.372350 0.058974 0.000000 0.000000 0.000000
-0.097582 -1.192012 1.000000 -0.371972 0.061313 0.000000 0.000000 0.000000
-0.101300 -1.191387 1.000000 -0.371579 0.063649 0.000000 0.000000 0.000000
-0.105014 -1.190739 1.000000 -0.371172 0.065982 0.000000 0.000000 0.000000
-0.108723 -1.190067 1.000000 -0.370750 0.068313 0.000000 0.000000 0.000000
-0.112429 -1.189372 1.000000 -0.370314 0.070641 0.000000 0.000000 0.000000
-0.116130 -1.188654 1.000000 -0.369862 0.072966 0.000000 0.000000 0.000000
-0.119826 -1.187913 1.000000 -0.369397 0.075289 0.000000 0.000000 0.000000
-0.123518 -1.187149 1.000000 -0.368916 0.077608 0.000000 0.000000 0.000000
-0.127204 -1.186361 1.000000 -0.368421 0.079925 0.000000 0.000000 0.000000
-0.130886 -1.185550 1.000000 -0.367912 0.082238 0.000000 0.000000 0.000000
-0.134562 -1.184716 1.000000 -0.367388 0.084548 0.000000 0.000000 0.000000
-0.138234 -1.183859 1.000000 -0.366849 0.086855 0.000000 0.000000 0.000000
-0.141899 -1.182979 1.000000 -0.366297 0.089158 0.000000 0.000000 0.000000
-0.145560 -1.182076 1.000000 -0.365729 0.091458 0.000000 0.000000 0.000000
-0.149214 -1.181150 1.000000 -0.365147 0.093754 0.000000 0.000000 0.000000
-0.152862 -1.180201 1.000000 -0.364551 0.096046 0.000000 0.000000 0.000000
-0.156505 -1.179229 1.000000 -0.363940 0.098335 0.000000 0.000000 0.000000
-0.160141 -1.178234 1.000000 -0.363315 0.100620 0.000000 0.000000 0.000000
-0.163771 -1.177217 1.000000 -0.362676 0.102900 0.000000 0.000000 0.000000
-0.167395 -1.176176 1.000000 -0.362022 0.105177 0.000000 0.000000 0.000000
-0.171012 -1.175113 1.000000 -0.361354 0.107450 0.000000 0.000000 0.000000
-0.174622 -1.174027 1.000000 -0.360672 0.109718 0.000000 0.000000 0.000000
-0.178225 -1.172919 1.000000 -0.359975 0.111982 0.000000 0.000000 0.000000
-0.181821 -1.171788 1.000000 -0.359265 0.114242 0.000000 0.000000 0.000000
-0.185410 -1.170634 1.000000 -0.358540 0.116497 0.000000 0.000000 0.000000
-0.188992 -1.169458 1.000000 -0.357801 0.118747 0.000000 0.000000 0.000000
-0.192566 -1.168259 1.000000 -0.357048 0.120993 0.000000 0.000000 0.000000
-0.196133 -1.167038 1.000000 -0.356280 0.123234 0.000000 0.000000 0.000000
-0.199692 -1.165794 1.000000 -0.355499 0.125470 0.000000 0.000000 0.000000
-0.203243 -1.164528 1.000000 -0.354704 0.127701 0.000000 0.000000 0.000000
-0.206786 -1.163240 1.000000 -0.353894 0.129927 0.000000 0.000000 0.000000
-0.210321 -1.161930 1.000000 -0.353071 0.132148 0.000000 0.000000 0.000000
-0.213847 -1.160597 1.000000 -0.352234 0.134364 0.000000 0.000000 0.000000
-0.217365 -1.159243 1.000000 -0.351383 0.136575 0.000000 0.000000 0.000000
-0.220875 -1.157866 1.000000 -0.350517 0.138780 0.000000 0.000000 0.000000
-0.224375 -1.156467 1.000000 -0.349639 0.140979 0.000000 0.000000 0.000000
-0.227867 -1.155046 1.000000 -0.348746 0.143173 0.000000 0.000000 0.000000
-0.231350 -1.153604 1.000000 -0.347839 0.145362 0.000000 0.000000 0.000000
-0.234824 -1.152139 1.000000 -0.346919 0.147544 0.000000 0.000000 0.000000
-0.238289 -1.150653 1.000000 -0.345985 0.149721 0.000000 0.000000 0.000000
-0.241744 -1.149145 1.000000 -0.345038 0.151892 0.000000 0.000000 0.000000
-0.245189 -1.147615 1.000000 -0.344077 0.154057 0.000000 0.000000 0.000000
-0.248625 -1.146064 1.000000 -0.343102 0.156216 0.000000 0.000000 0.000000
-0.252051 -1.144491 1.000000 -0.342114 0.158369 0.000000 0.000000 0.000000
-0.255468 -1.142896 1.000000 -0.341112 0.160515 0.000000 0.000000 0.000000
-0.258874 -1.141280 1.000000 -0.340096 0.162655 0.000000 0.000000 0.000000
-0.262269 -1.139643 1.000000 -0.339068 0.164789 0.000000 0.000000 0.000000
-0.265655 -1.137985 1.000000 -0.338026 0.166916 0.000000 0.000000 0.000000
-0.269030 -1.136305 1.000000 -0.336970 0.169036 0.000000 0.000000 0.000000
-0.272394 -1.134604 1.000000 -0.335902 0.171150 0.000000 0.000000 0.000000
-0.275748 -1.132882 1.000000 -0.334820 0.173258 0.000000 0.000000 0.000000
-0.279091 -1.131139 1.000000 -0.333724 0.175358 0.000000 0.000000 0.000000
-0.282422 -1.129375 1.000000 -0.332616 0.177451 0.000000 0.000000 0.000000
-0.285743 -1.127590 1.000000 -0.331494 0.179538 0.000000 0.000000 0.000000
-0.289052 -1.125784 1.000000 -0.330360 0.181617 0.000000 0.000000 0.000000
-0.292350 -1.123957 1.000000 -0.329212 0.183689 0.000000 0.000000 0.000000
-0.295636 -1.122110 1.000000 -0.328052 0.185754 0.000000 0.000000 0.000000
-0.298911 -1.120242 1.000000 -0.326878 0.187811 0.000000 0.000000 0.000000
-0.302174 -1.118354 1.000000 -0.325691 0.189861 0.000000 0.000000 0.000000
-0.305425 -1.116445 1.000000 -0.324492 0.191904 0.000000 0.000000 0.000000
-0.308664 -1.114516 1.000000 -0.323280 0.193939 0.000000 0.000000 0.000000
-0.311890 -1.112566 1.000000 -0.322055 0.195966 0.000000 0.000000 0.000000
-0.315105 -1.110597 1.000000 -0.320817 0.197986 0.000000 0.000000 0.000000
-0.318307 -1.108607 1.000000 -0.319567 0.199998 0.000000 0.000000 0.000000
-0.321496 -1.106597 1.000000 -0.318304 0.202002 0.000000 0.000000 0.000000
-0.324673 -1.104567 1.000000 -0.317029 0.203998 0.000000 0.000000 0.000000
-0.327837 -1.102517 1.000000 -0.315741 0.205986 0.000000 0.000000 0.000000
-0.330987 -1.100447 1.000000 -0.314440 0.207966 0.000000 0.000000 0.000000
-0.334125 -1.098358 1.000000 -0.313127 0.209937 0.000000 0.000000 0.000000
-0.337250 -1.096248 1.000000 -0.311802 0.211900 0.000000 0.000000 0.000000
-0.340361 -1.094120 1.000000 -0.310464 0.213855 0.000000 0.000000 0.000000
-0.343459 -1.091971 1.000000 -0.309115 0.215802 0.000000 0.000000 0.000000
-0.346544 -1.089804 1.000000 -0.307753 0.217740 0.000000 0.000000 0.000000
-0.349614 -1.087617 1.000000 -0.306378 0.219669 0.000000 0.000000 0.000000
-0.352671 -1.085410 1.000000 -0.304992 0.221590 0.000000 0.000000 0.000000
-0.355714 -1.083185 1.000000 -0.303594 0.223502 0.000000 0.000000 0.000000
-0.358743 -1.080940 1.000000 -0.302184 0.225405 0.000000 0.000000 0.000000
-0.361758 -1.078677 1.000000 -0.300761 0.227299 0.000000 0.000000 0.000000
-0.364758 -1.076394 1.000000 -0.299327 0.229184 0.000000 0.000000 0.000000
-0.367744 -1.074093 1.000000 -0.297881 0.231060 0.000000 0.000000 0.000000
-0.370716 -1.071773 1.000000 -0.296424 0.232928 0.000000 0.000000 0.000000
-0.373673 -1.069435 1.000000 -0.294954 0.234785 0.000000 0.000000 0.000000
-0.376615 -1.067077 1.000000 -0.293473 0.236634 0.000000 0.000000 0.000000
-0.379542 -1.064702 1.000000 -0.291981 0.238473 0.000000 0.000000 0.000000
-0.382454 -1.062308 1.000000 -0.290477 0.240303 0.000000 0.000000 0.000000
-0.385352 -1.059896 1.000000 -0.288961 0.242124 0.000000 0.000000 0.000000
-0.388234 -1.057466 1.000000 -0.287434 0.243934 0.000000 0.000000 0.000000
-0.391100 -1.055017 1.000000 -0.285896 0.245736 0.000000 0.000000 0.000000
-0.393951 -1.052551 1.000000 -0.284346 0.247527 0.000000 0.000000 0.000000
-0.396787 -1.050067 1.000000 -0.282785 0.249309 0.000000 0.000000 0.000000
-0.399607 -1.047565 1.000000 -0.281213 0.251081 0.000000 0.000000 0.000000
-0.402411 -1.045045 1.000000 -0.279630 0.252842 0.000000 0.000000 0.000000
-0.405200 -1.042508 1.000000 -0.278036 0.254594 0.000000 0.000000 0.000000
-0.407972 -1.039953 1.000000 -0.276431 0.256336 0.000000 0.000000 0.000000
-0.410728 -1.037381 1.000000 -0.274815 0.258068 0.000000 0.000000 0.000000
-0.413468 -1.034792 1.000000 -0.273188 0.259790 0.000000 0.000000 0.000000
-0.416192 -1.032185 1.000000 -0.271550 0.261501 0.000000 0.000000 0.000000
-0.418899 -1.029562 1.000000 -0.269902 0.263202 0.000000 0.000000 0.000000
-0.421590 -1.026921 1.000000 -0.268243 0.264893 0.000000 0.000000 0.000000
-0.424264 -1.024264 1.000000 -0.266573 0.266573 0.000000 0.000000 0.000000
-0.426921 -1.021590 1.000000 -0.264893 0.268243 0.000000 0.000000 0.000000
-0.429562 -1.018899 1.000000 -0.263202 0.269902 0.000000 0.000000 0.000000
-0.432185 -1.016192 1.000000 -0.261501 0.271550 0.000000 0.000000 0.000000
-0.434792 -1.013468 1.000000 -0.259790 0.273188 0.000000 0.000000 0.000000
-0.437381 -1.010728 1.000000 -0.258068 0.274815 0.000000 0.000000 0.000000
-0.439953 -1.007972 1.000000 -0.256336 0.276431 0.000000 0.000000 0.000000
-0.442508 -1.005200 1.000000 -0.254594 0.278036 0.000000 0.000000 0.000000
-0.445045 -1.002411 1.000000 -0.252843 0.279630 0.000000 0.000000 0.000000
-0.447565 -0.999607 1.000000 -0.251081 0.281213 0.000000 0.000000 0.000000
-0.450067 -0.996787 1.000000 -0.249309 0.282785 0.000000 0.000000 0.000000
-0.452551 -0.993951 1.000000 -0.247527 0.284346 0.000000 0.000000 0.000000
-0.455017 -0.991100 1.000000 -0.245736 0.285896 0.000000 0.000000 0.000000
-0.457465 -0.988234 1.000000 -0.243934 0.287434 0.000000 0.000000 0.000000
-0.459896 -0.985352 1.000000 -0.242124 0.288961 0.000000 0.000000 0.000000
-0.462308 -0.982454 1.000000 -0.240303 0.290477 0.000000 0.000000 0.000000
-0.464702 -0.979542 1.000000 -0.238473 0.291981 0.000000 0.000000 0.000000
-0.467077 -0.976615 1.000000 -0.236634 0.293473 0.000000 0.000000 0.000000
-0.469434 -0.973673 1.000000 -0.234785 0.294954 0.000000 0.000000 0.000000
-0.471773 -0.970716 1.000000 -0.232928 0.296424 0.000000 0.000000 0.000000
-0.474093 -0.967744 1.000000 -0.231061 0.297881 0.000000 0.000000 0.000000
-0.476394 -0.964758 1.000000 -0.229184 0.299327 0.000000 0.000000 0.000000
-0.478677 -0.961758 1.000000 -0.227299 0.300761 0.000000 0.000000 0.000000
-0.480940 -0.958743 1.000000 -0.225405 0.302184 0.000000 0.000000 0.000000
-0.483185 -0.955714 1.000000 -0.223502 0.303594 0.000000 0.000000 0.000000
-0.485410 -0.952671 1.000000 -0.221590 0.304992 0.000000 0.000000 0.000000
-0.487616 -0.949614 1.000000 -0.219669 0.306378 0.000000 0.000000 0.000000
-0.489804 -0.946544 1.000000 -0.217740 0.307753 0.000000 0.000000 0.000000
-0.491971 -0.943459 1.000000 -0.215802 0.309115 0.000000 0.000000 0.000000
-0.494120 -0.940361 1.000000 -0.213855 0.310464 0.000000 0.000000 0.000000
-0.496248 -0.937250 1.000000 -0.211900 0.311802 0.000000 0.000000 0.000000
-0.498358 -0.934125 1.000000 -0.209937 0.313127 0.000000 0.000000 0.000000
-0.500447 -0.930988 1.000000 -0.207966 0.314440 0.000000 0.000000 0.000000
-0.502517 -0.927837 1.000000 -0.205986 0.315741 0.000000 0.000000 0.000000
-0.504567 -0.924673 1.000000 -0.203998 0.317029 0.000000 0.000000 0.000000
-0.506597 -0.921496 1.000000 -0.202002 0.318304 0.000000 0.000000 0.000000
-0.508607 -0.918307 1.000000 -0.199998 0.319567 0.000000 0.000000 0.000000
-0.510597 -0.915105 1.000000 -0.197986 0.320817 0.000000 0.000000 0.000000
-0.512566 -0.911890 1.000000 -0.195967 0.322055 0.000000 0.000000 0.000000
-0.514516 -0.908664 1.000000 -0.193939 0.323280 0.000000 0.000000 0.000000
-0.516445 -0.905425 1.000000 -0.191904 0.324492 0.000000 0.000000 0.000000
-0.518354 -0.902174 1.000000 -0.189861 0.325691 0.000000 0.000000 0.000000
-0.520242 -0.898911 1.000000 -0.187811 0.326878 0.000000 0.000000 0.000000
-0.522110 -0.895636 1.000000 -0.185754 0.328052 0.000000 0.000000 0.000000
-0.523957 -0.892350 1.000000 -0.183689 0.329212 0.000000 0.000000 0.000000
-0.525784 -0.889052 1.000000 -0.181617 0.330360 0.000000 0.000000 0.000000
-0.527590 -0.885743 1.000000 -0.179538 0.331494 0.000000 0.000000 0.000000
-0.529375 -0.882422 1.000000 -0.177451 0.332616 0.000000 0.000000 0.000000
-0.531139 -0.879091 1.000000 -0.175358 0.333724 0.000000 0.000000 0.000000
-0.532882 -0.875748 1.000000 -0.173258 0.334820 0.000000 0.000000 0.000000
-0.534604 -0.872394 1.000000 -0.171150 0.335902 0.000000 0.000000 0.000000
-0.536305 -0.869030 1.000000 -0.169037 0.336970 0.000000 0.000000 0.000000
-0.537985 -0.865655 1.000000 -0.166916 0.338026 0.000000 0.000000 0.000000
-0.539643 -0.862269 1.000000 -0.164789 0.339068 0.000000 0.000000 0.000000
-0.541280 -0.858874 1.000000 -0.162655 0.340096 0.000000 0.000000 0.000000
-0.542896 -0.855468 1.000000 -0.160515 0.341112 0.000000 0.000000 0.000000
-0.544491 -0.852051 1.000000 -0.158369 0.342114 0.000000 0.000000 0.000000
-0.546064 -0.848625 1.000000 -0.156216 0.343102 0.000000 0.000000 0.000000
-0.547615 -0.845189 1.000000 -0.154057 0.344077 0.000000 0.000000 0.000000
-0.549145 -0.841744 1.000000 -0.151892 0.345038 0.000000 0.000000 0.000000
-0.550653 -0.838289 1.000000 -0.149721 0.345985 0.000000 0.000000 0.000000
-0.552139 -0.834824 1.000000 -0.147544 0.346919 0.000000 0.000000 0.000000
-0.553604 -0.831350 1.000000 -0.145362 0.347839 0.000000 0.000000 0.000000
-0.555046 -0.827867 1.000000 -0.143173 0.348746 0.000000 0.000000 0.000000
-0.556467 -0.824376 1.000000 -0.140979 0.349639 0.000000 0.000000 0.000000
-0.557866 -0.820875 1.000000 -0.138780 0.350517 0.000000 0.000000 0.000000
-0.559243 -0.817365 1.000000 -0.136575 0.351383 0.000000 0.000000 0.000000
-0.560597 -0.813847 1.000000 -0.134364 0.352234 0.000000 0.000000 0.000000
-0.561930 -0.810321 1.000000 -0.132148 0.353071 0.000000 0.000000 0.000000
-0.563240 -0.806786 1.000000 -0.129927 0.353894 0.000000 0.000000 0.000000
-0.564528 -0.803243 1.000000 -0.127701 0.354704 0.000000 0.000000 0.000000
-0.565794 -0.799692 1.000000 -0.125470 0.355499 0.000000 0.000000 0.000000
-0.567038 -0.796133 1.000000 -0.123234 0.356280 0.000000 0.000000 0.000000
-0.568259 -0.792566 1.000000 -0.120993 0.357048 0.000000 0.000000 0.000000
-0.569458 -0.788992 1.000000 -0.118747 0.357801 0.000000 0.000000 0.000000
-0.570634 -0.785410 1.000000 -0.116497 0.358540 0.000000 0.000000 0.000000
-0.571788 -0.781821 1.000000 -0.114242 0.359265 0.000000 0.000000 0.000000
-0.572919 -0.778225 1.000000 -0.111982 0.359975 0.000000 0.000000 0.000000
-0.574027 -0.774622 1.000000 -0.109718 0.360672 0.000000 0.000000 0.000000
-0.575113 -0.771012 1.000000 -0.107450 0.361354 0.000000 0.000000 0.000000
-0.576176 -0.767395 1.000000 -0.105177 0.362022 0.000000 0.000000 0.000000
-0.577217 -0.763771 1.000000 -0.102900 0.362676 0.000000 0.000000 0.000000
-0.578234 -0.760141 1.000000 -0.100620 0.363315 0.000000 0.000000 0.000000
-0.579229 -0.756505 1.000000 -0.098335 0.363940 0.000000 0.000000 0.000000
-0.580201 -0.752862 1.000000 -0.096046 0.364551 0.000000 0.000000 0.000000
-0.581150 -0.749214 1.000000 -0.093754 0.365147 0.000000 0.000000 0.000000
-0.582076 -0.745560 1.000000 -0.091458 0.365729 0.000000 0.000000 0.000000
-0.582979 -0.741899 1.000000 -0.089158 0.366297 0.000000 0.000000 0.000000
-0.583859 -0.738234 1.000000 -0.086855 0.366849 0.000000 0.000000 0.000000
-0.584716 -0.734563 1.000000 -0.084548 0.367388 0.000000 0.000000 0.000000
-0.585550 -0.730886 1.000000 -0.082238 0.367912 0.000000 0.000000 0.000000
-0.586361 -0.727204 1.000000 -0.079925 0.368421 0.000000 0.000000 0.000000
-0.587149 -0.723518 1.000000 -0.077608 0.368916 0.000000 0.000000 0.000000
-0.587913 -0.719826 1.000000 -0.075289 0.369397 0.000000 0.000000 0.000000
-0.588654 -0.716130 1.000000 -0.072966 0.369862 0.000000 0.000000 0.000000
-0.589372 -0.712429 1.000000 -0.070641 0.370314 0.000000 0.000000 0.000000
-0.590067 -0.708724 1.000000 -0.068313 0.370750 0.000000 0.000000 0.000000
-0.590739 -0.705014 1.000000 -0.065982 0.371172 0.000000 0.000000 0.000000
-0.591387 -0.701300 1.000000 -0.063649 0.371579 0.000000 0.000000 0.000000
-0.592012 -0.697582 1.000000 -0.061313 0.371972 0.000000 0.000000 0.000000
-0.592613 -0.693861 1.000000 -0.058974 0.372350 0.000000 0.000000 0.000000
-0.593191 -0.690135 1.000000 -0.056634 0.372713 0.000000 0.000000 0.000000
-0.593746 -0.686407 1.000000 -0.054291 0.373061 0.000000 0.000000 0.000000
-0.594277 -0.682674 1.000000 -0.051946 0.373395 0.000000 0.000000 0.000000
-0.594785 -0.678939 1.000000 -0.049599 0.373714 0.000000 0.000000 0.000000
-0.595269 -0.675200 1.000000 -0.047250 0.374018 0.000000 0.000000 0.000000
-0.595730 -0.671458 1.000000 -0.044899 0.374308 0.000000 0.000000 0.000000
-0.596167 -0.667714 1.000000 -0.042546 0.374583 0.000000 0.000000 0.000000
-0.596580 -0.663967 1.000000 -0.040191 0.374843 0.000000 0.000000 0.000000
-0.596971 -0.660217 1.000000 -0.037836 0.375088 0.000000 0.000000 0.000000
-0.597337 -0.656465 1.000000 -0.035478 0.375318 0.000000 0.000000 0.000000
-0.597680 -0.652711 1.000000 -0.033119 0.375534 0.000000 0.000000 0.000000
-0.598000 -0.648954 1.000000 -0.030759 0.375734 0.000000 0.000000 0.000000
-0.598295 -0.645196 1.000000 -0.028398 0.375920 0.000000 0.000000 0.000000
-0.598568 -0.641436 1.000000 -0.026035 0.376091 0.000000 0.000000 0.000000
-0.598816 -0.637674 1.000000 -0.023671 0.376247 0.000000 0.000000 0.000000
-0.599041 -0.633911 1.000000 -0.021307 0.376389 0.000000 0.000000 0.000000
-0.599242 -0.630147 1.000000 -0.018942 0.376515 0.000000 0.000000 0.000000
-0.599420 -0.626381 1.000000 -0.016576 0.376627 0.000000 0.000000 0.000000
-0.599574 -0.622614 1.000000 -0.014209 0.376723 0.000000 0.000000 0.000000
-0.599704 -0.618847 1.000000 -0.011842 0.376805 0.000000 0.000000 0.000000
-0.599811 -0.615078 1.000000 -0.009474 0.376872 0.000000 0.000000 0.000000
-0.599893 -0.611309 1.000000 -0.007106 0.376924 0.000000 0.000000 0.000000
-0.599953 -0.607540 1.000000 -0.004737 0.376961 0.000000 0.000000 0.000000
-0.599988 -0.603770 1.000000 -0.002369 0.376984 0.000000 0.000000 0.000000
-0.600000 -0.600000 1.000000 -0.000000 0.376991 0.000000 0.000000 0.000000
-0.599988 -0.596230 1.000000 0.002369 0.376984 0.000000 0.000000 0.000000
-0.599953 -0.592460 1.000000 0.004737 0.376961 0.000000 0.000000 0.000000
-0.599893 -0.588691 1.000000 0.007106 0.376924 0.000000 0.000000 0.000000
-0.599811 -0.584922 1.000000 0.009474 0.376872 0.000000 0.000000 0.000000
-0.599704 -0.581154 1.000000 0.011842 0.376805 0.000000 0.000000 0.000000
-0.599574 -0.577386 1.000000 0.014209 0.376723 0.000000 0.000000 0.000000
-0.599420 -0.573619 1.000000 0.016576 0.376627 0.000000 0.000000 0.000000
-0.599242 -0.569853 1.000000 0.018942 0.376515 0.000000 0.000000 0.000000
-0.599041 -0.566089 1.000000 0.021307 0.376389 0.000000 0.000000 0.000000
-0.598816 -0.562326 1.000000 0.023671 0.376247 0.000000 0.000000 0.000000
-0.598568 -0.558564 1.000000 0.026035 0.376091 0.000000 0.000000 0.000000
-0.598295 -0.554804 1.000000 0.028398 0.375920 0.000000 0.000000 0.000000
-0.598000 -0.551046 1.000000 0.030759 0.375734 0.000000 0.000000 0.000000
-0.597680 -0.547289 1.000000 0.033119 0.375534 0.000000 0.000000 0.000000
-0.597337 -0.543535 1.000000 0.035478 0.375318 0.000000 0.000000 0.000000
-0.596971 -0.539783 1.000000 0.037835 0.375088 0.000000 0.000000 0.000000
-0.596580 -0.536033 1.000000 0.040191 0.374843 0.000000 0.000000 0.000000
-0.596167 -0.532286 1.000000 0.042546 0.374583 0.000000 0.000000 0.000000
-0.595730 -0.528542 1.000000 0.044899 0.374308 0.000000 0.000000 0.000000
-0.595269 -0.524800 1.000000 0.047249 0.374018 0.000000 0.000000 0.000000
-0.594785 -0.521061 1.000000 0.049599 0.373714 0.000000 0.000000 0.000000
-0.594277 -0.517326 1.000000 0.051946 0.373395 0.000000 0.000000 0.000000
-0.593746 -0.513594 1.000000 0.054291 0.373061 0.000000 0.000000 0.000000
-0.593191 -0.509865 1.000000 0.056634 0.372713 0.000000 0.000000 0.000000
-0.592613 -0.506139 1.000000 0.058974 0.372350 0.000000 0.000000 0.000000
-0.592012 -0.502418 1.000000 0.061313 0.371972 0.000000 0.000000 0.000000
-0.591387 -0.498700 1.000000 0.063649 0.371579 0.000000 0.000000 0.000000
-0.590739 -0.494986 1.000000 0.065982 0.371172 0.000000 0.000000 0.000000
-0.590067 -0.491277 1.000000 0.068313 0.370750 0.000000 0.000000 0.000000
-0.589372 -0.487571 1.000000 0.070641 0.370314 0.000000 0.000000 0.000000
-0.588654 -0.483870 1.000000 0.072966 0.369862 0.000000 0.000000 0.000000
-0.587913 -0.480174 1.000000 0.075289 0.369397 0.000000 0.000000 0.000000
-0.587149 -0.476482 1.000000 0.077608 0.368916 0.000000 0.000000 0.000000
-0.586361 -0.472796 1.000000 0.079925 0.368421 0.000000 0.000000 0.000000
-0.585550 -0.469114 1.000000 0.082238 0.367912 0.000000 0.000000 0.000000
-0.584716 -0.465438 1.000000 0.084548 0.367388 0.000000 0.000000 0.000000
-0.583859 -0.461766 1.000000 0.086855 0.366849 0.000000 0.000000 0.000000
-0.582979 -0.458101 1.000000 0.089158 0.366297 0.000000 0.000000 0.000000
-0.582076 -0.454441 1.000000 0.091458 0.365729 0.000000 0.000000 0.000000
-0.581150 -0.450786 1.000000 0.093754 0.365147 0.000000 0.000000 0.000000
-0.580201 -0.447138 1.000000 0.096046 0.364551 0.000000 0.000000 0.000000
-0.579229 -0.443495 1.000000 0.098335 0.363940 0.000000 0.000000 0.000000
-0.578234 -0.439859 1.000000 0.100620 0.363315 0.000000 0.000000 0.000000
-0.577217 -0.436229 1.000000 0.102900 0.362676 0.000000 0.000000 0.000000
-0.576176 -0.432605 1.000000 0.105177 0.362022 0.000000 0.000000 0.000000
-0.575113 -0.428988 1.000000 0.107450 0.361354 0.000000 0.000000 0.000000
-0.574027 -0.425378 1.000000 0.109718 0.360672 0.000000 0.000000 0.000000
-0.572919 -0.421775 1.000000 0.111982 0.359975 0.000000 0.000000 0.000000
-0.571788 -0.418179 1.000000 0.114242 0.359265 0.000000 0.000000 0.000000
-0.570634 -0.414590 1.000000 0.116497 0.358540 0.000000 0.000000 0.000000
-0.569458 -0.411008 1.000000 0.118747 0.357801 0.000000 0.000000 0.000000
-0.568259 -0.407434 1.000000 0.120993 0.357048 0.000000 0.000000 0.000000
-0.567038 -0.403867 1.000000 0.123234 0.356280 0.000000 0.000000 0.000000
-0.565794 -0.400308 1.000000 0.125470 0.355499 0.000000 0.000000 0.000000
-0.564528 -0.396757 1.000000 0.127701 0.354704 0.000000 0.000000 0.000000
-0.563240 -0.393214 1.000000 0.129927 0.353894 0.000000 0.000000 0.000000
-0.561930 -0.389679 1.000000 0.132148 0.353071 0.000000 0.000000 0.000000
-0.560597 -0.386153 1.000000 0.134364 0.352234 0.000000 0.000000 0.000000
-0.559243 -0.382635 1.000000 0.136575 0.351383 0.000000 0.000000 0.000000
-0.557866 -0.379125 1.000000 0.138780 0.350517 0.000000 0.000000 0.000000
-0.556467 -0.375625 1.000000 0.140979 0.349639 0.000000 0.000000 0.000000
-0.555046 -0.372133 1.000000 0.143173 0.348746 0.000000 0.000000 0.000000
-0.553604 -0.368650 1.000000 0.145362 0.347839 0.000000 0.000000 0.000000
-0.552139 -0.365176 1.000000 0.147544 0.346919 0.000000 0.000000 0.000000
-0.550653 -0.361711 1.000000 0.149721 0.345985 0.000000 0.000000 0.000000
-0.549145 -0.358256 1.000000 0.151892 0.345038 0.000000 0.000000 0.000000
-0.547615 -0.354811 1.000000 0.154057 0.344077 0.000000 0.000000 0.000000
-0.546064 -0.351375 1.000000 0.156216 0.343102 0.000000 0.000000 0.000000
-0.544491 -0.347949 1.000000 0.158369 0.342114 0.000000 0.000000 0.000000
-0.542896 -0.344532 1.000000 0.160515 0.341112 0.000000 0.000000 0.000000
-0.541280 -0.341126 1.000000 0.162655 0.340096 0.000000 0.000000 0.000000
-0.539643 -0.337731 1.000000 0.164789 0.339068 0.000000 0.000000 0.000000
-0.537985 -0.334345 1.000000 0.166916 0.338026 0.000000 0.000000 0.000000
-0.536305 -0.330970 1.000000 0.169036 0.336970 0.000000 0.000000 0.000000
-0.534604 -0.327606 1.000000 0.171150 0.335902 0.000000 0.000000 0.000000
-0.532882 -0.324252 1.000000 0.173257 0.334820 0.000000 0.000000 0.000000
-0.531139 -0.320909 1.000000 0.175358 0.333724 0.000000 0.000000 0.000000
-0.529375 -0.317578 1.000000 0.177451 0.332616 0.000000 0.000000 0.000000
-0.527590 -0.314257 1.000000 0.179538 0.331494 0.000000 0.000000 0.000000
-0.525784 -0.310948 1.000000 0.181617 0.330360 0.000000 0.000000 0.000000
-0.523957 -0.307650 1.000000 0.183689 0.329212 0.000000 0.000000 0.000000
-0.522110 -0.304364 1.000000 0.185754 0.328052 0.000000 0.000000 0.000000
-0.520242 -0.301089 1.000000 0.187811 0.326878 0.000000 0.000000 0.000000
-0.518354 -0.297826 1.000000 0.189861 0.325691 0.000000 0.000000 0.000000
-0.516445 -0.294575 1.000000 0.191904 0.324492 0.000000 0.000000 0.000000
-0.514516 -0.291336 1.000000 0.193939 0.323280 0.000000 0.000000 0.000000
-0.512566 -0.288110 1.000000 0.195966 0.322055 0.000000 0.000000 0.000000
-0.510597 -0.284895 1.000000 0.197986 0.320817 0.000000 0.000000 0.000000
-0.508607 -0.281693 1.000000 0.199998 0.319567 0.000000 0.000000 0.000000
-0.506597 -0.278504 1.000000 0.202002 0.318304 0.000000 0.000000 0.000000
-0.504567 -0.275327 1.000000 0.203998 0.317029 0.000000 0.000000 0.000000
-0.502517 -0.272163 1.000000 0.205986 0.315741 0.000000 0.000000 0.000000
-0.500447 -0.269013 1.000000 0.207966 0.314440 0.000000 0.000000 0.000000
-0.498358 -0.265875 1.000000 0.209937 0.313127 0.000000 0.000000 0.000000
-0.496248 -0.262750 1.000000 0.211900 0.311802 0.000000 0.000000 0.000000
-0.494120 -0.259639 1.000000 0.213855 0.310464 0.000000 0.000000 0.000000
-0.491971 -0.256541 1.000000 0.215802 0.309115 0.000000 0.000000 0.000000
-0.489804 -0.253456 1.000000 0.217740 0.307753 0.000000 0.000000 0.000000
-0.487617 -0.250386 1.000000 0.219669 0.306378 0.000000 0.000000 0.000000
-0.485410 -0.247329 1.000000 0.221590 0.304992 0.000000 0.000000 0.000000
-0.483185 -0.244286 1.000000 0.223502 0.303594 0.000000 0.000000 0.000000
-0.480940 -0.241257 1.000000 0.225405 0.302184 0.000000 0.000000 0.000000
-0.478677 -0.238242 1.000000 0.227299 0.300761 0.000000 0.000000 0.000000
-0.476394 -0.235242 1.000000 0.229184 0.299327 0.000000 0.000000 0.000000
-0.474093 -0.232256 1.000000 0.231060 0.297881 0.000000 0.000000 0.000000
-0.471773 -0.229284 1.000000 0.232928 0.296424 0.000000 0.000000 0.000000
-0.469435 -0.226327 1.000000 0.234785 0.294954 0.000000 0.000000 0.000000
-0.467077 -0.223385 1.000000 0.236634 0.293473 0.000000 0.000000 0.000000
-0.464702 -0.220458 1.000000 0.238473 0.291981 0.000000 0.000000 0.000000
-0.462308 -0.217546 1.000000 0.240303 0.290477 0.000000 0.000000 0.000000
-0.459896 -0.214648 1.000000 0.242124 0.288961 0.000000 0.000000 0.000000
-0.457466 -0.211766 1.000000 0.243934 0.287434 0.000000 0.000000 0.000000
-0.455017 -0.208900 1.000000 0.245735 0.285896 0.000000 0.000000 0.000000
-0.452551 -0.206049 1.000000 0.247527 0.284346 0.000000 0.000000 0.000000
-0.450067 -0.203213 1.000000 0.249309 0.282785 0.000000 0.000000 0.000000
-0.447565 -0.200393 1.000000 0.251081 0.281213 0.000000 0.000000 0.000000
-0.445045 -0.197589 1.000000 0.252842 0.279630 0.000000 0.000000 0.000000
-0.442508 -0.194800 1.000000 0.254594 0.278036 0.000000 0.000000 0.000000
-0.439953 -0.192028 1.000000 0.256336 0.276431 0.000000 0.000000 0.000000
-0.437381 -0.189272 1.000000 0.258068 0.274815 0.000000 0.000000 0.000000
-0.434792 -0.186532 1.000000 0.259790 0.273188 0.000000 0.000000 0.000000
-0.432185 -0.183808 1.000000 0.261501 0.271550 0.000000 0.000000 0.000000
-0.429562 -0.181101 1.000000 0.263202 0.269902 0.000000 0.000000 0.000000
-0.426921 -0.178410 1.000000 0.264893 0.268243 0.000000 0.000000 0.000000
-0.424264 -0.175736 1.000000 0.266573 0.266573 0.000000 0.000000 0.000000
-0.421590 -0.173079 1.000000 0.268243 0.264893 0.000000 0.000000 0.000000
-0.418899 -0.170438 1.000000 0.269902 0.263202 0.000000 0.000000 0.000000
-0.416192 -0.167815 1.000000 0.271550 0.261501 0.000000 0.000000 0.000000
-0.413468 -0.165208 1.000000 0.273188 0.259790 0.000000 0.000000 0.000000
-0.410728 -0.162619 1.000000 0.274815 0.258068 0.000000 0.000000 0.000000
-0.407972 -0.160047 1.000000 0.276431 0.256336 0.000000 0.000000 0.000000
-0.405200 -0.157492 1.000000 0.278036 0.254594 0.000000 0.000000 0.000000
-0.402411 -0.154955 1.000000 0.279630 0.252843 0.000000 0.000000 0.000000
-0.399607 -0.152435 1.000000 0.281213 0.251081 0.000000 0.000000 0.000000
-0.396787 -0.149933 1.000000 0.282785 0.249309 0.000000 0.000000 0.000000
-0.393951 -0.147449 1.000000 0.284346 0.247527 0.000000 0.000000 0.000000
-0.391100 -0.144983 1.000000 0.285896 0.245736 0.000000 0.000000 0.000000
-0.388234 -0.142535 1.000000 0.287434 0.243934 0.000000 0.000000 0.000000
-0.385352 -0.140104 1.000000 0.288961 0.242124 0.000000 0.000000 0.000000
-0.382454 -0.137692 1.000000 0.290477 0.240303 0.000000 0.000000 0.000000
-0.379542 -0.135298 1.000000 0.291981 0.238473 0.000000 0.000000 0.000000
-0.376615 -0.132923 1.000000 0.293473 0.236634 0.000000 0.000000 0.000000
-0.373673 -0.130566 1.000000 0.294954 0.234785 0.000000 0.000000 0.000000
-0.370716 -0.128227 1.000000 0.296424 0.232928 0.000000 0.000000 0.000000
-0.367744 -0.125907 1.000000 0.297881 0.231061 0.000000 0.000000 0.000000
-0.364758 -0.123606 1.000000 0.299327 0.229184 0.000000 0.000000 0.000000
-0.361758 -0.121323 1.000000 0.300761 0.227299 0.000000 0.000000 0.000000
-0.358743 -0.119060 1.000000 0.302184 0.225405 0.000000 0.000000 0.000000
-0.355714 -0.116815 1.000000 0.303594 0.223502 0.000000 0.000000 0.000000
-0.352671 -0.114590 1.000000 0.304992 0.221590 0.000000 0.000000 0.000000
-0.349614 -0.112384 1.000000 0.306378 0.219669 0.000000 0.000000 0.000000
-0.346544 -0.110196 1.000000 0.307753 0.217740 0.000000 0.000000 0.000000
-0.343459 -0.108029 1.000000 0.309115 0.215802 0.000000 0.000000 0.000000
-0.340361 -0.105880 1.000000 0.310464 0.213855 0.000000 0.000000 0.000000
-0.337250 -0.103752 1.000000 0.311802 0.211900 0.000000 0.000000 0.000000
-0.334125 -0.101642 1.000000 0.313127 0.209937 0.000000 0.000000 0.000000
-0.330988 -0.099553 1.000000 0.314440 0.207966 0.000000 0.000000 0.000000
-0.327837 -0.097483 1.000000 0.315741 0.205986 0.000000 0.000000 0.000000
-0.324673 -0.095433 1.000000 0.317029 0.203998 0.000000 0.000000 0.000000
-0.321496 -0.093403 1.000000 0.318304 0.202002 0.000000 0.000000 0.000000
-0.318307 -0.091393 1.000000 0.319567 0.199998 0.000000 0.000000 0.000000
-0.315105 -0.089403 1.000000 0.320817 0.197986 0.000000 0.000000 0.000000
-0.311890 -0.087434 1.000000 0.322055 0.195967 0.000000 0.000000 0.000000
-0.308664 -0.085484 1.000000 0.323280 0.193939 0.000000 0.000000 0.000000
-0.305425 -0.083555 1.000000 0.324492 0.191904 0.000000 0.000000 0.000000
-0.302174 -0.081646 1.000000 0.325691 0.189862 0.000000 0.000000 0.000000
-0.298911 -0.079758 1.000000 0.326878 0.187811 0.000000 0.000000 0.000000
-0.295636 -0.077890 1.000000 0.328052 0.185754 0.000000 0.000000 0.000000
-0.292350 -0.076043 1.000000 0.329212 0.183689 0.000000 0.000000 0.000000
-0.289052 -0.074216 1.000000 0.330360 0.181617 0.000000 0.000000 0.000000
-0.285743 -0.072410 1.000000 0.331494 0.179538 0.000000 0.000000 0.000000
-0.282422 -0.070625 1.000000 0.332616 0.177451 0.000000 0.000000 0.000000
-0.279091 -0.068861 1.000000 0.333724 0.175358 0.000000 0.000000 0.000000
-0.275748 -0.067118 1.000000 0.334820 0.173258 0.000000 0.000000 0.000000
-0.272394 -0.065396 1.000000 0.335902 0.171150 0.000000 0.000000 0.000000
-0.269030 -0.063695 1.000000 0.336970 0.169037 0.000000 0.000000 0.000000
-0.265655 -0.062015 1.000000 0.338026 0.166916 0.000000 0.000000 0.000000
-0.262270 -0.060357 1.000000 0.339068 0.164789 0.000000 0.000000 0.000000
-0.258874 -0.058720 1.000000 0.340096 0.162655 0.000000 0.000000 0.000000
-0.255468 -0.057104 1.000000 0.341112 0.160515 0.000000 0.000000 0.000000
-0.252051 -0.055509 1.000000 0.342114 0.158369 0.000000 0.000000 0.000000
-0.248625 -0.053936 1.000000 0.343102 0.156216 0.000000 0.000000 0.000000
-0.245189 -0.052385 1.000000 0.344077 0.154057 0.000000 0.000000 0.000000
-0.241744 -0.050855 1.000000 0.345038 0.151892 0.000000 0.000000 0.000000
-0.238289 -0.049347 1.000000 0.345985 0.149721 0.000000 0.000000 0.000000
-0.234824 -0.047861 1.000000 0.346919 0.147544 0.000000 0.000000 0.000000
-0.231350 -0.046396 1.000000 0.347839 0.145362 0.000000 0.000000 0.000000
-0.227868 -0.044954 1.000000 0.348746 0.143173 0.000000 0.000000 0.000000
-0.224376 -0.043533 1.000000 0.349639 0.140979 0.000000 0.000000 0.000000
-0.220875 -0.042134 1.000000 0.350517 0.138780 0.000000 0.000000 0.000000
-0.217365 -0.040757 1.000000 0.351383 0.136575 0.000000 0.000000 0.000000
-0.213847 -0.039403 1.000000 0.352234 0.134364 0.000000 0.000000 0.000000
-0.210321 -0.038070 1.000000 0.353071 0.132148 0.000000 0.000000 0.000000
-0.206786 -0.036760 1.000000 0.353894 0.129927 0.000000 0.000000 0.000000
-0.203243 -0.035472 1.000000 0.354704 0.127701 0.000000 0.000000 0.000000
-0.199692 -0.034206 1.000000 0.355499 0.125470 0.000000 0.000000 0.000000
-0.196133 -0.032962 1.000000 0.356280 0.123234 0.000000 0.000000 0.000000
-0.192566 -0.031741 1.000000 0.357048 0.120993 0.000000 0.000000 0.000000
-0.188992 -0.030542 1.000000 0.357801 0.118747 0.000000 0.000000 0.000000
-0.185410 -0.029366 1.000000 0.358540 0.116497 0.000000 0.000000 0.000000
-0.181821 -0.028212 1.000000 0.359265 0.114242 0.000000 0.000000 0.000000
-0.178225 -0.027081 1.000000 0.359975 0.111982 0.000000 0.000000 0.000000
-0.174622 -0.025973 1.000000 0.360672 0.109718 0.000000 0.000000 0.000000
-0.171012 -0.024887 1.000000 0.361354 0.107450 0.000000 0.000000 0.000000
-0.167395 -0.023824 1.000000 0.362022 0.105177 0.000000 0.000000 0.000000
-0.163771 -0.022783 1.000000 0.362676 0.102900 0.000000 0.000000 0.000000
-0.160141 -0.021766 1.000000 0.363315 0.100620 0.000000 0.000000 0.000000
-0.156505 -0.020771 1.000000 0.363940 0.098335 0.000000 0.000000 0.000000
-0.152862 -0.019799 1.000000 0.364551 0.096046 0.000000 0.000000 0.000000
-0.149214 -0.018850 1.000000 0.365147 0.093754 0.000000 0.000000 0.000000
-0.145560 -0.017924 1.000000 0.365729 0.091458 0.000000 0.000000 0.000000
-0.141899 -0.017021 1.000000 0.366297 0.089158 0.000000 0.000000 0.000000
-0.138234 -0.016141 1.000000 0.366849 0.086855 0.000000 0.000000 0.000000
-0.134563 -0.015284 1.000000 0.367388 0.084548 0.000000 0.000000 0.000000
-0.130886 -0.014450 1.000000 0.367912 0.082238 0.000000 0.000000 0.000000
-0.127204 -0.013639 1.000000 0.368421 0.079925 0.000000 0.000000 0.000000
-0.123518 -0.012851 1.000000 0.368916 0.077608 0.000000 0.000000 0.000000
-0.119826 -0.012087 1.000000 0.369397 0.075289 0.000000 0.000000 0.000000
-0.116130 -0.011346 1.000000 0.369862 0.072966 0.000000 0.000000 0.000000
-0.112429 -0.010628 1.000000 0.370314 0.070641 0.000000 0.000000 0.000000
-0.108724 -0.009933 1.000000 0.370750 0.068313 0.000000 0.000000 0.000000
-0.105014 -0.009261 1.000000 0.371172 0.065982 0.000000 0.000000 0.000000
-0.101300 -0.008613 1.000000 0.371579 0.063649 0.000000 0.000000 0.000000
-0.097582 -0.007988 1.000000 0.371972 0.061313 0.000000 0.000000 0.000000
-0.093861 -0.007387 1.000000 0.372350 0.058974 0.000000 0.000000 0.000000
-0.090135 -0.006809 1.000000 0.372713 0.056634 0.000000 0.000000 0.000000
-0.086407 -0.006254 1.000000 0.373061 0.054291 0.000000 0.000000 0.000000
-0.082674 -0.005723 1.000000 0.373395 0.051946 0.000000 0.000000 0.000000
-0.078939 -0.005215 1.000000 0.373714 0.049599 0.000000 0.000000 0.000000
-0.075200 -0.004731 1.000000 0.374018 0.047250 0.000000 0.000000 0.000000
-0.071458 -0.004270 1.000000 0.374308 0.044899 0.000000 0.000000 0.000000
-0.067714 -0.003833 1.000000 0.374583 0.042546 0.000000 0.000000 0.000000
-0.063967 -0.003420 1.000000 0.374843 0.040191 0.000000 0.000000 0.000000
-0.060217 -0.003029 1.000000 0.375088 0.037836 0.000000 0.000000 0.000000
-0.056465 -0.002663 1.000000 0.375318 0.035478 0.000000 0.000000 0.000000
-0.052711 -0.002320 1.000000 0.375534 0.033119 0.000000 0.000000 0.000000
-0.048954 -0.002000 1.000000 0.375734 0.030759 0.000000 0.000000 0.000000
-0.045196 -0.001705 1.000000 0.375920 0.028398 0.000000 0.000000 0.000000
-0.041436 -0.001433 1.000000 0.376091 0.026035 0.000000 0.000000 0.000000
-0.037674 -0.001184 1.000000 0.376247 0.023672 0.000000 0.000000 0.000000
-0.033911 -0.000959 1.000000 0.376389 0.021307 0.000000 0.000000 0.000000
-0.030147 -0.000758 1.000000 0.376515 0.018942 0.000000 0.000000 0.000000
-0.026381 -0.000580 1.000000 0.376627 0.016576 0.000000 0.000000 0.000000
-0.022614 -0.000426 1.000000 0.376723 0.014209 0.000000 0.000000 0.000000
-0.018847 -0.000296 1.000000 0.376805 0.011842 0.000000 0.000000 0.000000
-0.015078 -0.000189 1.000000 0.376872 0.009474 0.000000 0.000000 0.000000
-0.011309 -0.000107 1.000000 0.376924 0.007106 0.000000 0.000000 0.000000
-0.007540 -0.000047 1.000000 0.376961 0.004737 0.000000 0.000000 0.000000
-0.003770 -0.000012 1.000000 0.376984 0.002369 0.000000 0.000000 0.000000
-0.000000 -0.000000 1.000000 0.376991 0.000000 0.000000 0.000000 0.000000
0.003770 -0.000012 1.000000 0.376984 -0.002369 0.000000 0.000000 0.000000
0.007540 -0.000047 1.000000 0.376961 -0.004737 0.000000 0.000000 0.000000
0.011309 -0.000107 1.000000 0.376924 -0.007106 0.000000 0.000000 0.000000
0.015078 -0.000189 1.000000 0.376872 -0.009474 0.000000 0.000000 0.000000
0.018846 -0.000296 1.000000 0.376805 -0.011842 0.000000 0.000000 0.000000
0.022614 -0.000426 1.000000 0.376723 -0.014209 0.000000 0.000000 0.000000
0.026381 -0.000580 1.000000 0.376627 -0.016576 0.000000 0.000000 0.000000
0.030147 -0.000758 1.000000 0.376515 -0.018942 0.000000 0.000000 0.000000
0.033911 -0.000959 1.000000 0.376389 -0.021307 0.000000 0.000000 0.000000
0.037674 -0.001184 1.000000 0.376247 -0.023671 0.000000 0.000000 0.000000
0.041436 -0.001432 1.000000 0.376091 -0.026035 0.000000 0.000000 0.000000
0.045196 -0.001705 1.000000 0.375920 -0.028397 0.000000 0.000000 0.000000
0.048954 -0.002000 1.000000 0.375734 -0.030759 0.000000 0.000000 0.000000
0.052711 -0.002320 1.000000 0.375534 -0.033119 0.000000 0.000000 0.000000
0.056465 -0.002663 1.000000 0.375318 -0.035478 0.000000 0.000000 0.000000
0.060217 -0.003029 1.000000 0.375088 -0.037835 0.000000 0.000000 0.000000
0.063967 -0.003420 1.000000 0.374843 -0.040191 0.000000 0.000000 0.000000
0.067714 -0.003833 1.000000 0.374583 -0.042546 0.000000 0.000000 0.000000
0.071458 -0.004270 1.000000 0.374308 -0.044899 0.000000 0.000000 0.000000
0.075200 -0.004731 1.000000 0.374018 -0.047249 0.000000 0.000000 0.000000
0.078939 -0.005215 1.000000 0.373714 -0.049599 0.000000 0.000000 0.000000
0.082674 -0.005723 1.000000 0.373395 -0.051946 0.000000 0.000000 0.000000
0.086406 -0.006254 1.000000 0.373061 -0.054291 0.000000 0.000000 0.000000
0.090135 -0.006809 1.000000 0.372713 -0.056634 0.000000 0.000000 0.000000
0.093861 -0.007387 1.000000 0.372350 -0.058974 0.000000 0.000000 0.000000
0.097582 -0.007988 1.000000 0.371972 -0.061313 0.000000 0.000000 0.000000
0.101300 -0.008613 1.000000 0.371579 -0.063649 0.000000 0.000000 0.000000
0.105014 -0.009261 1.000000 0.371172 -0.065982 0.000000 0.000000 0.000000
0.108723 -0.009933 1.000000 0.370750 -0.068313 0.000000 0.000000 0.000000
0.112429 -0.010628 1.000000 0.370314 -0.070641 0.000000 0.000000 0.000000
0.116130 -0.011346 1.000000 0.369862 -0.072966 0.000000 0.000000 0.000000
0.119826 -0.012087 1.000000 0.369397 -0.075289 0.000000 0.000000 0.000000
0.123518 -0.012851 1.000000 0.368916 -0.077608 0.000000 0.000000 0.000000
0.127204 -0.013639 1.000000 0.368421 -0.079925 0.000000 0.000000 0.000000
0.130886 -0.014450 1.000000 0.367912 -0.082238 0.000000 0.000000 0.000000
0.134562 -0.015284 1.000000 0.367388 -0.084548 0.000000 0.000000 0.000000
0.138234 -0.016141 1.000000 0.366849 -0.086855 0.000000 0.000000 0.000000
0.141899 -0.017021 1.000000 0.366297 -0.089158 0.000000 0.000000 0.000000
0.145559 -0.017924 1.000000 0.365729 -0.091458 0.000000 0.000000 0.000000
0.149214 -0.018850 1.000000 0.365147 -0.093754 0.000000 0.000000 0.000000
0.152862 -0.019799 1.000000 0.364551 -0.096046 0.000000 0.000000 0.000000
0.156505 -0.020771 1.000000 0.363940 -0.098335 0.000000 0.000000 0.000000
0.160141 -0.021766 1.000000 0.363315 -0.100620 0.000000 0.000000 0.000000
0.163771 -0.022783 1.000000 0.362676 -0.102900 0.000000 0.000000 0.000000
0.167395 -0.023824 1.000000 0.362022 -0.105177 0.000000 0.000000 0.000000
0.171011 -0.024887 1.000000 0.361354 -0.107450 0.000000 0.000000 0.000000
0.174622 -0.025973 1.000000 0.360672 -0.109718 0.000000 0.000000 0.000000
0.178225 -0.027081 1.000000 0.359975 -0.111982 0.000000 0.000000 0.000000
0.181821 -0.028212 1.000000 0.359265 -0.114242 0.000000 0.000000 0.000000
0.185410 -0.029366 1.000000 0.358540 -0.116497 0.000000 0.000000 0.000000
0.188992 -0.030542 1.000000 0.357801 -0.118747 0.000000 0.000000 0.000000
0.192566 -0.031741 1.000000 0.357048 -0.120993 0.000000 0.000000 0.000000
0.196133 -0.032962 1.000000 0.356280 -0.123234 0.000000 0.000000 0.000000
0.199692 -0.034206 1.000000 0.355499 -0.125470 0.000000 0.000000 0.000000
0.203243 -0.035472 1.000000 0.354704 -0.127701 0.000000 0.000000 0.000000
0.206786 -0.036760 1.000000 0.353894 -0.129927 0.000000 0.000000 0.000000
0.210321 -0.038070 1.000000 0.353071 -0.132148 0.000000 0.000000 0.000000
0.213847 -0.039403 1.000000 0.352234 -0.134364 0.000000 0.000000 0.000000
0.217365 -0.040757 1.000000 0.351383 -0.136575 0.000000 0.000000 0.000000
0.220875 -0.042134 1.000000 0.350517 -0.138780 0.000000 0.000000 0.000000
0.224375 -0.043533 1.000000 0.349639 -0.140979 0.000000 0.000000 0.000000
0.227867 -0.044954 1.000000 0.348746 -0.143173 0.000000 0.000000 0.000000
0.231350 -0.046396 1.000000 0.347839 -0.145362 0.000000 0.000000 0.000000
0.234824 -0.047861 1.000000 0.346919 -0.147544 0.000000 0.000000 0.000000
0.238289 -0.049347 1.000000 0.345985 -0.149721 0.000000 0.000000 0.000000
0.241744 -0.050855 1.000000 0.345038 -0.151892 0.000000 0.000000 0.000000
0.245189 -0.052385 1.000000 0.344077 -0.154057 0.000000 0.000000 0.000000
0.248625 -0.053936 1.000000 0.343102 -0.156216 0.000000 0.000000 0.000000
0.252051 -0.055509 1.000000 0.342114 -0.158369 0.000000 0.000000 0.000000
0.255468 -0.057104 1.000000 0.341112 -0.160515 0.000000 0.000000 0.000000
0.258874 -0.058720 1.000000 0.340097 -0.162655 0.000000 0.000000 0.000000
0.262269 -0.060357 1.000000 0.339068 -0.164789 0.000000 0.000000 0.000000
0.265655 -0.062015 1.000000 0.338026 -0.166916 0.000000 0.000000 0.000000
0.269030 -0.063695 1.000000 0.336970 -0.169036 0.000000 0.000000 0.000000
0.272394 -0.065396 1.000000 0.335902 -0.171150 0.000000 0.000000 0.000000
0.275748 -0.067118 1.000000 0.334820 -0.173257 0.000000 0.000000 0.000000
0.279091 -0.068861 1.000000 0.333724 -0.175358 0.000000 0.000000 0.000000
0.282422 -0.070625 1.000000 0.332616 -0.177451 0.000000 0.000000 0.000000
0.285743 -0.072410 1.000000 0.331494 -0.179538 0.000000 0.000000 0.000000
0.289052 -0.074216 1.000000 0.330360 -0.181617 0.000000 0.000000 0.000000
0.292350 -0.076042 1.000000 0.329212 -0.183689 0.000000 0.000000 0.000000
0.295636 -0.077890 1.000000 0.328052 -0.185754 0.000000 0.000000 0.000000
0.298911 -0.079758 1.000000 0.326878 -0.187811 0.000000 0.000000 0.000000
0.302174 -0.081646 1.000000 0.325691 -0.189861 0.000000 0.000000 0.000000
0.305425 -0.083555 1.000000 0.324492 -0.191904 0.000000 0.000000 0.000000
0.308664 -0.085484 1.000000 0.323280 -0.193939 0.000000 0.000000 0.000000
0.311890 -0.087434 1.000000 0.322055 -0.195966 0.000000 0.000000 0.000000
0.315105 -0.089403 1.000000 0.320817 -0.197986 0.000000 0.000000 0.000000
0.318307 -0.091393 1.000000 0.319567 -0.199998 0.000000 0.000000 0.000000
0.321496 -0.093403 1.000000 0.318304 -0.202002 0.000000 0.000000 0.000000
0.324673 -0.095433 1.000000 0.317029 -0.203998 0.000000 0.000000 0.000000
0.327837 -0.097483 1.000000 0.315741 -0.205986 0.000000 0.000000 0.000000
0.330987 -0.099553 1.000000 0.314440 -0.207966 0.000000 0.000000 0.000000
0.334125 -0.101642 1.000000 0.313127 -0.209937 0.000000 0.000000 0.000000
0.337250 -0.103752 1.000000 0.311802 -0.211900 0.000000 0.000000 0.000000
0.340361 -0.105880 1.000000 0.310464 -0.213855 0.000000 0.000000 0.000000
0.343459 -0.108029 1.000000 0.309115 -0.215802 0.000000 0.000000 0.000000
0.346544 -0.110196 1.000000 0.307753 -0.217740 0.000000 0.000000 0.000000
0.349614 -0.112383 1.000000 0.306379 -0.219669 0.000000 0.000000 0.000000
0.352671 -0.114590 1.000000 0.304992 -0.221590 0.000000 0.000000 0.000000
0.355714 -0.116815 1.000000 0.303594 -0.223502 0.000000 0.000000 0.000000
0.358743 -0.119060 1.000000 0.302184 -0.225405 0.000000 0.000000 0.000000
0.361758 -0.121323 1.000000 0.300761 -0.227299 0.000000 0.000000 0.000000
0.364758 -0.123606 1.000000 0.299327 -0.229184 0.000000 0.000000 0.000000
0.367744 -0.125907 1.000000 0.297881 -0.231060 0.000000 0.000000 0.000000
0.370716 -0.128227 1.000000 0.296424 -0.232928 0.000000 0.000000 0.000000
0.373673 -0.130565 1.000000 0.294954 -0.234785 0.000000 0.000000 0.000000
0.376615 -0.132923 1.000000 0.293473 -0.236634 0.000000 0.000000 0.000000
0.379542 -0.135298 1.000000 0.291981 -0.238473 0.000000 0.000000 0.000000
0.382454 -0.137692 1.000000 0.290477 -0.240303 0.000000 0.000000 0.000000
0.385352 -0.140104 1.000000 0.288961 -0.242124 0.000000 0.000000 0.000000
0.388234 -0.142534 1.000000 0.287434 -0.243934 0.000000 0.000000 0.000000
0.391100 -0.144983 1.000000 0.285896 -0.245735 0.000000 0.000000 0.000000
0.393951 -0.147449 1.000000 0.284346 -0.247527 0.000000 0.000000 0.000000
0.396787 -0.149933 1.000000 0.282785 -0.249309 0.000000 0.000000 0.000000
0.399607 -0.152435 1.000000 0.281213 -0.251081 0.000000 0.000000 0.000000
0.402411 -0.154955 1.000000 0.279630 -0.252842 0.000000 0.000000 0.000000
0.405200 -0.157492 1.000000 0.278036 -0.254594 0.000000 0.000000 0.000000
0.407972 -0.160047 1.000000 0.276431 -0.256336 0.000000 0.000000 0.000000
0.410728 -0.162619 1.000000 0.274815 -0.258068 0.000000 0.000000 0.000000
0.413468 -0.165208 1.000000 0.273188 -0.259790 0.000000 0.000000 0.000000
0.416192 -0.167815 1.000000 0.271550 -0.261501 0.000000 0.000000 0.000000
0.418899 -0.170438 1.000000 0.269902 -0.263202 0.000000 0.000000 0.000000
0.421590 -0.173079 1.000000 0.268243 -0.264893 0.000000 0.000000 0.000000
0.424264 -0.175736 1.000000 0.266573 -0.266573 0.000000 0.000000 0.000000
0.426921 -0.178410 1.000000 0.264893 -0.268243 0.000000 0.000000 0.000000
0.429562 -0.181101 1.000000 0.263202 -0.269902 0.000000 0.000000 0.000000
0.432185 -0.183808 1.000000 0.261501 -0.271550 0.000000 0.000000 0.000000
0.434792 -0.186532 1.000000 0.259790 -0.273188 0.000000 0.000000 0.000000
0.437381 -0.189272 1.000000 0.258068 -0.274815 0.000000 0.000000 0.000000
0.439953 -0.192028 1.000000 0.256336 -0.276431 0.000000 0.000000 0.000000
0.442508 -0.194800 1.000000 0.254595 -0.278036 0.000000 0.000000 0.000000
0.445045 -0.197589 1.000000 0.252843 -0.279630 0.000000 0.000000 0.000000
0.447565 -0.200393 1.000000 0.251081 -0.281213 0.000000 0.000000 0.000000
0.450067 -0.203213 1.000000 0.249309 -0.282785 0.000000 0.000000 0.000000
0.452551 -0.206048 1.000000 0.247527 -0.284346 0.000000 0.000000 0.000000
0.455017 -0.208900 1.000000 0.245736 -0.285896 0.000000 0.000000 0.000000
0.457465 -0.211766 1.000000 0.243934 -0.287434 0.000000 0.000000 0.000000
0.459896 -0.214648 1.000000 0.242124 -0.288961 0.000000 0.000000 0.000000
0.462308 -0.217546 1.000000 0.240303 -0.290477 0.000000 0.000000 0.000000
0.464702 -0.220458 1.000000 0.238473 -0.291981 0.000000 0.000000 0.000000
0.467077 -0.223385 1.000000 0.236634 -0.293473 0.000000 0.000000 0.000000
0.469434 -0.226327 1.000000 0.234785 -0.294954 0.000000 0.000000 0.000000
0.471773 -0.229284 1.000000 0.232928 -0.296424 0.000000 0.000000 0.000000
0.474093 -0.232256 1.000000 0.231061 -0.297881 0.000000 0.000000 0.000000
0.476394 -0.235242 1.000000 0.229184 -0.299327 0.000000 0.000000 0.000000
0.478677 -0.238242 1.000000 0.227299 -0.300761 0.000000 0.000000 0.000000
0.480940 -0.241257 1.000000 0.225405 -0.302184 0.000000 0.000000 0.000000
0.483185 -0.244286 1.000000 0.223502 -0.303594 0.000000 0.000000 0.000000
0.485410 -0.247329 1.000000 0.221590 -0.304992 0.000000 0.000000 0.000000
0.487616 -0.250386 1.000000 0.219669 -0.306378 0.000000 0.000000 0.000000
0.489804 -0.253456 1.000000 0.217740 -0.307753 0.000000 0.000000 0.000000
0.491971 -0.256541 1.000000 0.215802 -0.309115 0.000000 0.000000 0.000000
0.494120 -0.259639 1.000000 0.213855 -0.310464 0.000000 0.000000 0.000000
0.496248 -0.262750 1.000000 0.211900 -0.311802 0.000000 0.000000 0.000000
0.498357 -0.265875 1.000000 0.209937 -0.313127 0.000000 0.000000 0.000000
0.500447 -0.269012 1.000000 0.207966 -0.314440 0.000000 0.000000 0.000000
0.502517 -0.272163 1.000000 0.205986 -0.315741 0.000000 0.000000 0.000000
0.504567 -0.275327 1.000000 0.203998 -0.317029 0.000000 0.000000 0.000000
0.506597 -0.278504 1.000000 0.202002 -0.318304 0.000000 0.000000 0.000000
0.508607 -0.281693 1.000000 0.199998 -0.319567 0.000000 0.000000 0.000000
0.510597 -0.284895 1.000000 0.197986 -0.320817 0.000000 0.000000 0.000000
0.512566 -0.288110 1.000000 0.195967 -0.322055 0.000000 0.000000 0.000000
0.514516 -0.291336 1.000000 0.193939 -0.323280 0.000000 0.000000 0.000000
0.516445 -0.294575 1.000000 0.191904 -0.324492 0.000000 0.000000 0.000000
0.518354 -0.297826 1.000000 0.189862 -0.325691 0.000000 0.000000 0.000000
0.520242 -0.301089 1.000000 0.187811 -0.326878 0.000000 0.000000 0.000000
0.522110 -0.304364 1.000000 0.185754 -0.328052 0.000000 0.000000 0.000000
0.523957 -0.307650 1.000000 0.183689 -0.329212 0.000000 0.000000 0.000000
0.525784 -0.310948 1.000000 0.181617 -0.330360 0.000000 0.000000 0.000000
0.527590 -0.314257 1.000000 0.179538 -0.331494 0.000000 0.000000 0.000000
0.529375 -0.317578 1.000000 0.177451 -0.332616 0.000000 0.000000 0.000000
0.531139 -0.320909 1.000000 0.175358 -0.333724 0.000000 0.000000 0.000000
0.532882 -0.324252 1.000000 0.173258 -0.334820 0.000000 0.000000 0.000000
0.534604 -0.327606 1.000000 0.171150 -0.335902 0.000000 0.000000 0.000000
0.536305 -0.330970 1.000000 0.169037 -0.336970 0.000000 0.000000 0.000000
0.537985 -0.334345 1.000000 0.166916 -0.338026 0.000000 0.000000 0.000000
0.539643 -0.337730 1.000000 0.164789 -0.339068 0.000000 0.000000 0.000000
0.541280 -0.341126 1.000000 0.162655 -0.340096 0.000000 0.000000 0.000000
0.542896 -0.344532 1.000000 0.160515 -0.341112 0.000000 0.000000 0.000000
0.544491 -0.347948 1.000000 0.158369 -0.342114 0.000000 0.000000 0.000000
0.546064 -0.351375 1.000000 0.156216 -0.343102 0.000000 0.000000 0.000000
0.547615 -0.354810 1.000000 0.154057 -0.344077 0.000000 0.000000 0.000000
0.549145 -0.358256 1.000000 0.151892 -0.345038 0.000000 0.000000 0.000000
0.550653 -0.361711 1.000000 0.149721 -0.345985 0.000000 0.000000 0.000000
0.552139 -0.365176 1.000000 0.147544 -0.346919 0.000000 0.000000 0.000000
0.553604 -0.368650 1.000000 0.145362 -0.347839 0.000000 0.000000 0.000000
0.555046 -0.372132 1.000000 0.143173 -0.348746 0.000000 0.000000 0.000000
0.556467 -0.375624 1.000000 0.140979 -0.349639 0.000000 0.000000 0.000000
0.557866 -0.379125 1.000000 0.138780 -0.350517 0.000000 0.000000 0.000000
0.559243 -0.382635 1.000000 0.136575 -0.351383 0.000000 0.000000 0.000000
0.560597 -0.386153 1.000000 0.134364 -0.352234 0.000000 0.000000 0.000000
0.561930 -0.389679 1.000000 0.132148 -0.353071 0.000000 0.000000 0.000000
0.563240 -0.393214 1.000000 0.129927 -0.353894 0.000000 0.000000 0.000000
0.564528 -0.396757 1.000000 0.127701 -0.354704 0.000000 0.000000 0.000000
0.565794 -0.400308 1.000000 0.125470 -0.355499 0.000000 0.000000 0.000000
0.567038 -0.403867 1.000000 0.123234 -0.356280 0.000000 0.000000 0.000000
0.568259 -0.407434 1.000000 0.120993 -0.357048 0.000000 0.000000 0.000000
0.569458 -0.411008 1.000000 0.118747 -0.357801 0.000000 0.000000 0.000000
0.570634 -0.414590 1.000000 0.116497 -0.358540 0.000000 0.000000 0.000000
0.571788 -0.418179 1.000000 0.114242 -0.359265 0.000000 0.000000 0.000000
0.572919 -0.421775 1.000000 0.111982 -0.359975 0.000000 0.000000 0.000000
0.574027 -0.425378 1.000000 0.109718 -0.360672 0.000000 0.000000 0.000000
0.575113 -0.428988 1.000000 0.107450 -0.361354 0.000000 0.000000 0.000000
0.576176 -0.432605 1.000000 0.105177 -0.362022 0.000000 0.000000 0.000000
0.577217 -0.436229 1.000000 0.102901 -0.362676 0.000000 0.000000 0.000000
0.578234 -0.439859 1.000000 0.100620 -0.363315 0.000000 0.000000 0.000000
0.579229 -0.443495 1.000000 0.098335 -0.363940 0.000000 0.000000 0.000000
0.580201 -0.447137 1.000000 0.096046 -0.364551 0.000000 0.000000 0.000000
0.581150 -0.450786 1.000000 0.093754 -0.365147 0.000000 0.000000 0.000000
0.582076 -0.454440 1.000000 0.091458 -0.365729 0.000000 0.000000 0.000000
0.582979 -0.458101 1.000000 0.089158 -0.366297 0.000000 0.000000 0.000000
0.583859 -0.461766 1.000000 0.086855 -0.366849 0.000000 0.000000 0.000000
0.584716 -0.465437 1.000000 0.084548 -0.367388 0.000000 0.000000 0.000000
0.585550 -0.469114 1.000000 0.082238 -0.367912 0.000000 0.000000 0.000000
0.586361 -0.472796 1.000000 0.079925 -0.368421 0.000000 0.000000 0.000000
0.587149 -0.476482 1.000000 0.077608 -0.368916 0.000000 0.000000 0.000000
0.587913 -0.480174 1.000000 0.075289 -0.369397 0.000000 0.000000 0.000000
0.588654 -0.483870 1.000000 0.072966 -0.369862 0.000000 0.000000 0.000000
0.589372 -0.487571 1.000000 0.070641 -0.370314 0.000000 0.000000 0.000000
0.590067 -0.491276 1.000000 0.068313 -0.370750 0.000000 0.000000 0.000000
0.590739 -0.494986 1.000000 0.065982 -0.371172 0.000000 0.000000 0.000000
0.591387 -0.498700 1.000000 0.063649 -0.371579 0.000000 0.000000 0.000000
0.592012 -0.502418 1.000000 0.061313 -0.371972 0.000000 0.000000 0.000000
0.592613 -0.506139 1.000000 0.058974 -0.372350 0.000000 0.000000 0.000000
0.593191 -0.509865 1.000000 0.056634 -0.372713 0.000000 0.000000 0.000000
0.593746 -0.513593 1.000000 0.054291 -0.373061 0.000000 0.000000 0.000000
0.594277 -0.517326 1.000000 0.051946 -0.373395 0.000000 0.000000 0.000000
0.594785 -0.521061 1.000000 0.049599 -0.373714 0.000000 0.000000 0.000000
0.595269 -0.524800 1.000000 0.047250 -0.374018 0.000000 0.000000 0.000000
0.595730 -0.528542 1.000000 0.044899 -0.374308 0.000000 0.000000 0.000000
0.596167 -0.532286 1.000000 0.042546 -0.374583 0.000000 0.000000 0.000000
0.596580 -0.536033 1.000000 0.040192 -0.374843 0.000000 0.000000 0.000000
0.596971 -0.539783 1.000000 0.037836 -0.375088 0.000000 0.000000 0.000000
0.597337 -0.543535 1.000000 0.035478 -0.375318 0.000000 0.000000 0.000000
0.597680 -0.547289 1.000000 0.033119 -0.375534 0.000000 0.000000 0.000000
0.598000 -0.551046 1.000000 0.030759 -0.375734 0.000000 0.000000 0.000000
0.598295 -0.554804 1.000000 0.028398 -0.375920 0.000000 0.000000 0.000000
0.598567 -0.558564 1.000000 0.026035 -0.376091 0.000000 0.000000 0.000000
0.598816 -0.562326 1.000000 0.023672 -0.376247 0.000000 0.000000 0.000000
0.599041 -0.566089 1.000000 0.021307 -0.376389 0.000000 0.000000 0.000000
0.599242 -0.569853 1.000000 0.018942 -0.376515 0.000000 0.000000 0.000000
0.599420 -0.573619 1.000000 0.016576 -0.376627 0.000000 0.000000 0.000000
0.599574 -0.577386 1.000000 0.014209 -0.376723 0.000000 0.000000 0.000000
0.599704 -0.581153 1.000000 0.011842 -0.376805 0.000000 0.000000 0.000000
0.599811 -0.584922 1.000000 0.009474 -0.376872 0.000000 0.000000 0.000000
0.599893 -0.588691 1.000000 0.007106 -0.376924 0.000000 0.000000 0.000000
0.599953 -0.592460 1.000000 0.004737 -0.376961 0.000000 0.000000 0.000000
0.599988 -0.596230 1.000000 0.002369 -0.376984 0.000000 0.000000 0.000000
0.600000 -0.600000 1.000000 0.000000 -0.376991 0.000000 0.000000 0.000000
0.599988 -0.603770 1.000000 -0.002369 -0.376984 0.000000 0.000000 0.000000
0.599953 -0.607540 1.000000 -0.004737 -0.376961 0.000000 0.000000 0.000000
0.599893 -0.611309 1.000000 -0.007106 -0.376924 0.000000 0.000000 0.000000
0.599811 -0.615078 1.000000 -0.009474 -0.376872 0.000000 0.000000 0.000000
0.599704 -0.618846 1.000000 -0.011842 -0.376805 0.000000 0.000000 0.000000
0.599574 -0.622614 1.000000 -0.014209 -0.376723 0.000000 0.000000 0.000000
0.599420 -0.626381 1.000000 -0.016576 -0.376627 0.000000 0.000000 0.000000
0.599242 -0.630147 1.000000 -0.018942 -0.376515 0.000000 0.000000 0.000000
0.599041 -0.633911 1.000000 -0.021307 -0.376389 0.000000 0.000000 0.000000
0.598816 -0.637674 1.000000 -0.023671 -0.376247 0.000000 0.000000 0.000000
0.598568 -0.641436 1.000000 -0.026035 -0.376091 0.000000 0.000000 0.000000
0.598295 -0.645196 1.000000 -0.028397 -0.375920 0.000000 0.000000 0.000000
0.598000 -0.648954 1.000000 -0.030759 -0.375734 0.000000 0.000000 0.000000
0.597680 -0.652711 1.000000 -0.033119 -0.375534 0.000000 0.000000 0.000000
0.597337 -0.656465 1.000000 -0.035478 -0.375318 0.000000 0.000000 0.000000
0.596971 -0.660217 1.000000 -0.037835 -0.375088 0.000000 0.000000 0.000000
0.596580 -0.663967 1.000000 -0.040191 -0.374843 0.000000 0.000000 0.000000
0.596167 -0.667714 1.000000 -0.042546 -0.374583 0.000000 0.000000 0.000000
0.595730 -0.671458 1.000000 -0.044899 -0.374308 0.000000 0.000000 0.000000
0.595269 -0.675200 1.000000 -0.047249 -0.374018 0.000000 0.000000 0.000000
0.594785 -0.678939 1.000000 -0.049599 -0.373714 0.000000 0.000000 0.000000
0.594277 -0.682674 1.000000 -0.051946 -0.373395 0.000000 0.000000 0.000000
0.593746 -0.686406 1.000000 -0.054291 -0.373061 0.000000 0.000000 0.000000
0.593191 -0.690135 1.000000 -0.056634 -0.372713 0.000000 0.000000 0.000000
0.592613 -0.693861 1.000000 -0.058974 -0.372350 0.000000 0.000000 0.000000
0.592012 -0.697582 1.000000 -0.061313 -0.371972 0.000000 0.000000 0.000000
0.591387 -0.701300 1.000000 -0.063649 -0.371579 0.000000 0.000000 0.000000
0.590739 -0.705014 1.000000 -0.065982 -0.371172 0.000000 0.000000 0.000000
0.590067 -0.708723 1.000000 -0.068313 -0.370750 0.000000 0.000000 0.000000
0.589372 -0.712429 1.000000 -0.070641 -0.370314 0.000000 0.000000 0.000000
0.588654 -0.716130 1.000000 -0.072966 -0.369862 0.000000 0.000000 0.000000
0.587913 -0.719826 1.000000 -0.075289 -0.369397 0.000000 0.000000 0.000000
0.587149 -0.723517 1.000000 -0.077608 -0.368916 0.000000 0.000000 0.000000
0.586361 -0.727204 1.000000 -0.079925 -0.368421 0.000000 0.000000 0.000000
0.585550 -0.730886 1.000000 -0.082238 -0.367912 0.000000 0.000000 0.000000
0.584716 -0.734562 1.000000 -0.084548 -0.367388 0.000000 0.000000 0.000000
0.583859 -0.738234 1.000000 -0.086855 -0.366850 0.000000 0.000000 0.000000
0.582979 -0.741899 1.000000 -0.089158 -0.366297 0.000000 0.000000 0.000000
0.582076 -0.745559 1.000000 -0.091458 -0.365729 0.000000 0.000000 0.000000
0.581150 -0.749214 1.000000 -0.093754 -0.365147 0.000000 0.000000 0.000000
0.580201 -0.752862 1.000000 -0.096046 -0.364551 0.000000 0.000000 0.000000
0.579229 -0.756505 1.000000 -0.098335 -0.363940 0.000000 0.000000 0.000000
0.578234 -0.760141 1.000000 -0.100620 -0.363315 0.000000 0.000000 0.000000
0.577217 -0.763771 1.000000 -0.102900 -0.362676 0.000000 0.000000 0.000000
0.576176 -0.767395 1.000000 -0.105177 -0.362022 0.000000 0.000000 0.000000
0.575113 -0.771011 1.000000 -0.107450 -0.361354 0.000000 0.000000 0.000000
0.574027 -0.774622 1.000000 -0.109718 -0.360672 0.000000 0.000000 0.000000
0.572919 -0.778225 1.000000 -0.111982 -0.359975 0.000000 0.000000 0.000000
0.571788 -0.781821 1.000000 -0.114242 -0.359265 0.000000 0.000000 0.000000
0.570634 -0.785410 1.000000 -0.116497 -0.358540 0.000000 0.000000 0.000000
0.569458 -0.788992 1.000000 -0.118747 -0.357801 0.000000 0.000000 0.000000
0.568259 -0.792566 1.000000 -0.120993 -0.357048 0.000000 0.000000 0.000000
0.567038 -0.796133 1.000000 -0.123234 -0.356280 0.000000 0.000000 0.000000
0.565794 -0.799692 1.000000 -0.125470 -0.355499 0.000000 0.000000 0.000000
0.564528 -0.803243 1.000000 -0.127701 -0.354704 0.000000 0.000000 0.000000
0.563240 -0.806786 1.000000 -0.129927 -0.353894 0.000000 0.000000 0.000000
0.561930 -0.810321 1.000000 -0.132148 -0.353071 0.000000 0.000000 0.000000
0.560597 -0.813847 1.000000 -0.134364 -0.352234 0.000000 0.000000 0.000000
0.559243 -0.817365 1.000000 -0.136575 -0.351383 0.000000 0.000000 0.000000
0.557866 -0.820875 1.000000 -0.138780 -0.350517 0.000000 0.000000 0.000000
0.556467 -0.824375 1.000000 -0.140979 -0.349639 0.000000 0.000000 0.000000
0.555046 -0.827867 1.000000 -0.143173 -0.348746 0.000000 0.000000 0.000000
0.553604 -0.831350 1.000000 -0.145362 -0.347839 0.000000 0.000000 0.000000
0.552139 -0.834824 1.000000 -0.147544 -0.346919 0.000000 0.000000 0.000000
0.550653 -0.838289 1.000000 -0.149721 -0.345985 0.000000 0.000000 0.000000
0.549145 -0.841744 1.000000 -0.151892 -0.345038 0.000000 0.000000 0.000000
0.547615 -0.845189 1.000000 -0.154057 -0.344077 0.000000 0.000000 0.000000
0.546064 -0.848625 1.000000 -0.156216 -0.343102 0.000000 0.000000 0.000000
0.544491 -0.852051 1.000000 -0.158369 -0.342114 0.000000 0.000000 0.000000
0.542896 -0.855467 1.000000 -0.160515 -0.341112 0.000000 0.000000 0.000000
0.541280 -0.858874 1.000000 -0.162655 -0.340097 0.000000 0.000000 0.000000
0.539643 -0.862269 1.000000 -0.164789 -0.339068 0.000000 0.000000 0.000000
0.537985 -0.865655 1.000000 -0.166916 -0.338026 0.000000 0.000000 0.000000
0.536305 -0.869030 1.000000 -0.169036 -0.336970 0.000000 0.000000 0.000000
0.534604 -0.872394 1.000000 -0.171150 -0.335902 0.000000 0.000000 0.000000
0.532882 -0.875748 1.000000 -0.173257 -0.334820 0.000000 0.000000 0.000000
0.531139 -0.879091 1.000000 -0.175358 -0.333724 0.000000 0.000000 0.000000
0.529375 -0.882422 1.000000 -0.177451 -0.332616 0.000000 0.000000 0.000000
0.527590 -0.885743 1.000000 -0.179538 -0.331494 0.000000 0.000000 0.000000
0.525784 -0.889052 1.000000 -0.181617 -0.330360 0.000000 0.000000 0.000000
0.523958 -0.892350 1.000000 -0.183689 -0.329212 0.000000 0.000000 0.000000
0.522110 -0.895636 1.000000 -0.185754 -0.328052 0.000000 0.000000 0.000000
0.520242 -0.898911 1.000000 -0.187811 -0.326878 0.000000 0.000000 0.000000
0.518354 -0.902174 1.000000 -0.189861 -0.325691 0.000000 0.000000 0.000000
0.516445 -0.905425 1.000000 -0.191904 -0.324492 0.000000 0.000000 0.000000
0.514516 -0.908664 1.000000 -0.193939 -0.323280 0.000000 0.000000 0.000000
0.512567 -0.911890 1.000000 -0.195966 -0.322055 0.000000 0.000000 0.000000
0.510597 -0.915105 1.000000 -0.197986 -0.320817 0.000000 0.000000 0.000000
0.508607 -0.918307 1.000000 -0.199998 -0.319567 0.000000 0.000000 0.000000
0.506597 -0.921496 1.000000 -0.202002 -0.318304 0.000000 0.000000 0.000000
0.504567 -0.924673 1.000000 -0.203998 -0.317029 0.000000 0.000000 0.000000
0.502517 -0.927837 1.000000 -0.205986 -0.315741 0.000000 0.000000 0.000000
0.500447 -0.930987 1.000000 -0.207966 -0.314440 0.000000 0.000000 0.000000
0.498358 -0.934125 1.000000 -0.209937 -0.313127 0.000000 0.000000 0.000000
0.496248 -0.937250 1.000000 -0.211900 -0.311802 0.000000 0.000000 0.000000
0.494120 -0.940361 1.000000 -0.213855 -0.310465 0.000000 0.000000 0.000000
0.491971 -0.943459 1.000000 -0.215802 -0.309115 0.000000 0.000000 0.000000
0.489804 -0.946544 1.000000 -0.217740 -0.307753 0.000000 0.000000 0.000000
0.487617 -0.949614 1.000000 -0.219669 -0.306379 0.000000 0.000000 0.000000
0.485410 -0.952671 1.000000 -0.221590 -0.304992 0.000000 0.000000 0.000000
0.483185 -0.955714 1.000000 -0.223502 -0.303594 0.000000 0.000000 0.000000
0.480940 -0.958743 1.000000 -0.225405 -0.302184 0.000000 0.000000 0.000000
0.478677 -0.961758 1.000000 -0.227299 -0.300761 0.000000 0.000000 0.000000
0.476394 -0.964758 1.000000 -0.229184 -0.299327 0.000000 0.000000 0.000000
0.474093 -0.967744 1.000000 -0.231060 -0.297881 0.000000 0.000000 0.000000
0.471773 -0.970716 1.000000 -0.232928 -0.296424 0.000000 0.000000 0.000000
0.469435 -0.973673 1.000000 -0.234785 -0.294954 0.000000 0.000000 0.000000
0.467077 -0.976615 1.000000 -0.236634 -0.293473 0.000000 0.000000 0.000000
0.464702 -0.979542 1.000000 -0.238473 -0.291981 0.000000 0.000000 0.000000
0.462308 -0.982454 1.000000 -0.240303 -0.290477 0.000000 0.000000 0.000000
0.459896 -0.985352 1.000000 -0.242123 -0.288961 0.000000 0.000000 0.000000
0.457466 -0.988234 1.000000 -0.243934 -0.287434 0.000000 0.000000 0.000000
0.455017 -0.991100 1.000000 -0.245735 -0.285896 0.000000 0.000000 0.000000
0.452551 -0.993951 1.000000 -0.247527 -0.284346 0.000000 0.000000 0.000000
0.450067 -0.996787 1.000000 -0.249309 -0.282785 0.000000 0.000000 0.000000
0.447565 -0.999607 1.000000 -0.251081 -0.281213 0.000000 0.000000 0.000000
0.445045 -1.002411 1.000000 -0.252842 -0.279630 0.000000 0.000000 0.000000
0.442508 -1.005200 1.000000 -0.254594 -0.278036 0.000000 0.000000 0.000000
0.439953 -1.007972 1.000000 -0.256336 -0.276431 0.000000 0.000000 0.000000
0.437381 -1.010728 1.000000 -0.258068 -0.274815 0.000000 0.000000 0.000000
0.434792 -1.013468 1.000000 -0.259790 -0.273188 0.000000 0.000000 0.000000
0.432185 -1.016192 1.000000 -0.261501 -0.271550 0.000000 0.000000 0.000000
0.429562 -1.018899 1.000000 -0.263202 -0.269902 0.000000 0.000000 0.000000
0.426921 -1.021590 1.000000 -0.264893 -0.268243 0.000000 0.000000 0.000000
0.424264 -1.024264 1.000000 -0.266573 -0.266573 0.000000 0.000000 0.000000
0.421590 -1.026921 1.000000 -0.268243 -0.264893 0.000000 0.000000 0.000000
0.418899 -1.029562 1.000000 -0.269902 -0.263202 0.000000 0.000000 0.000000
0.416192 -1.032185 1.000000 -0.271550 -0.261501 0.000000 0.000000 0.000000
0.413468 -1.034792 1.000000 -0.273188 -0.259790 0.000000 0.000000 0.000000
0.410728 -1.037381 1.000000 -0.274815 -0.258068 0.000000 0.000000 0.000000
0.407972 -1.039953 1.000000 -0.276431 -0.256336 0.000000 0.000000 0.000000
0.405200 -1.042508 1.000000 -0.278036 -0.254595 0.000000 0.000000 0.000000
0.402411 -1.045045 1.000000 -0.279630 -0.252843 0.000000 0.000000 0.000000
0.399607 -1.047565 1.000000 -0.281213 -0.251081 0.000000 0.000000 0.000000
0.396787 -1.050067 1.000000 -0.282785 -0.249309 0.000000 0.000000 0.000000
0.393952 -1.052551 1.000000 -0.284346 -0.247527 0.000000 0.000000 0.000000
0.391100 -1.055017 1.000000 -0.285896 -0.245736 0.000000 0.000000 0.000000
0.388234 -1.057465 1.000000 -0.287434 -0.243934 0.000000 0.000000 0.000000
0.385352 -1.059896 1.000000 -0.288961 -0.242124 0.000000 0.000000 0.000000
0.382454 -1.062308 1.000000 -0.290477 -0.240303 0.000000 0.000000 0.000000
0.379542 -1.064702 1.000000 -0.291981 -0.238473 0.000000 0.000000 0.000000
0.376615 -1.067077 1.000000 -0.293473 -0.236634 0.000000 0.000000 0.000000
0.373673 -1.069434 1.000000 -0.294954 -0.234786 0.000000 0.000000 0.000000
0.370716 -1.071773 1.000000 -0.296424 -0.232928 0.000000 0.000000 0.000000
0.367744 -1.074093 1.000000 -0.297881 -0.231061 0.000000 0.000000 0.000000
0.364758 -1.076394 1.000000 -0.299327 -0.229184 0.000000 0.000000 0.000000
0.361758 -1.078677 1.000000 -0.300761 -0.227299 0.000000 0.000000 0.000000
0.358743 -1.080940 1.000000 -0.302184 -0.225405 0.000000 0.000000 0.000000
0.355714 -1.083185 1.000000 -0.303594 -0.223502 0.000000 0.000000 0.000000
0.352671 -1.085410 1.000000 -0.304992 -0.221590 0.000000 0.000000 0.000000
0.349614 -1.087616 1.000000 -0.306378 -0.219669 0.000000 0.000000 0.000000
0.346544 -1.089803 1.000000 -0.307753 -0.217740 0.000000 0.000000 0.000000
0.343459 -1.091971 1.000000 -0.309115 -0.215802 0.000000 0.000000 0.000000
0.340361 -1.094120 1.000000 -0.310464 -0.213855 0.000000 0.000000 0.000000
0.337250 -1.096248 1.000000 -0.311802 -0.211900 0.000000 0.000000 0.000000
0.334125 -1.098357 1.000000 -0.313127 -0.209937 0.000000 0.000000 0.000000
0.330988 -1.100447 1.000000 -0.314440 -0.207966 0.000000 0.000000 0.000000
0.327837 -1.102517 1.000000 -0.315741 -0.205986 0.000000 0.000000 0.000000
0.324673 -1.104567 1.000000 -0.317029 -0.203998 0.000000 0.000000 0.000000
0.321496 -1.106597 1.000000 -0.318304 -0.202002 0.000000 0.000000 0.000000
0.318307 -1.108607 1.000000 -0.319567 -0.199998 0.000000 0.000000 0.000000
0.315105 -1.110597 1.000000 -0.320817 -0.197986 0.000000 0.000000 0.000000
0.311890 -1.112566 1.000000 -0.322055 -0.195967 0.000000 0.000000 0.000000
0.308664 -1.114516 1.000000 -0.323280 -0.193939 0.000000 0.000000 0.000000
0.305425 -1.116445 1.000000 -0.324492 -0.191904 0.000000 0.000000 0.000000
0.302174 -1.118354 1.000000 -0.325691 -0.189862 0.000000 0.000000 0.000000
0.298911 -1.120242 1.000000 -0.326878 -0.187811 0.000000 0.000000 0.000000
0.295636 -1.122110 1.000000 -0.328052 -0.185754 0.000000 0.000000 0.000000
0.292350 -1.123957 1.000000 -0.329212 -0.183689 0.000000 0.000000 0.000000
0.289052 -1.125784 1.000000 -0.330360 -0.181617 0.000000 0.000000 0.000000
0.285743 -1.127590 1.000000 -0.331494 -0.179538 0.000000 0.000000 0.000000
0.282422 -1.129375 1.000000 -0.332616 -0.177451 0.000000 0.000000 0.000000
0.279091 -1.131139 1.000000 -0.333724 -0.175358 0.000000 0.000000 0.000000
0.275748 -1.132882 1.000000 -0.334820 -0.173258 0.000000 0.000000 0.000000
0.272394 -1.134604 1.000000 -0.335902 -0.171150 0.000000 0.000000 0.000000
0.269030 -1.136305 1.000000 -0.336970 -0.169037 0.000000 0.000000 0.000000
0.265655 -1.137985 1.000000 -0.338026 -0.166916 0.000000 0.000000 0.000000
0.262270 -1.139643 1.000000 -0.339068 -0.164789 0.000000 0.000000 0.000000
0.258874 -1.141280 1.000000 -0.340096 -0.162655 0.000000 0.000000 0.000000
0.255468 -1.142896 1.000000 -0.341112 -0.160515 0.000000 0.000000 0.000000
0.252052 -1.144491 1.000000 -0.342114 -0.158369 0.000000 0.000000 0.000000
0.248625 -1.146064 1.000000 -0.343102 -0.156216 0.000000 0.000000 0.000000
0.245190 -1.147615 1.000000 -0.344077 -0.154057 0.000000 0.000000 0.000000
0.241744 -1.149145 1.000000 -0.345038 -0.151892 0.000000 0.000000 0.000000
0.238289 -1.150653 1.000000 -0.345985 -0.149721 0.000000 0.000000 0.000000
0.234824 -1.152139 1.000000 -0.346919 -0.147544 0.000000 0.000000 0.000000
0.231350 -1.153604 1.000000 -0.347839 -0.145362 0.000000 0.000000 0.000000
0.227868 -1.155046 1.000000 -0.348746 -0.143173 0.000000 0.000000 0.000000
0.224376 -1.156467 1.000000 -0.349639 -0.140979 0.000000 0.000000 0.000000
0.220875 -1.157866 1.000000 -0.350517 -0.138780 0.000000 0.000000 0.000000
0.217365 -1.159243 1.000000 -0.351383 -0.136575 0.000000 0.000000 0.000000
0.213847 -1.160597 1.000000 -0.352234 -0.134364 0.000000 0.000000 0.000000
0.210321 -1.161930 1.000000 -0.353071 -0.132148 0.000000 0.000000 0.000000
0.206786 -1.163240 1.000000 -0.353894 -0.129927 0.000000 0.000000 0.000000
0.203243 -1.164528 1.000000 -0.354704 -0.127701 0.000000 0.000000 0.000000
0.199692 -1.165794 1.000000 -0.355499 -0.125470 0.000000 0.000000 0.000000
0.196133 -1.167038 1.000000 -0.356280 -0.123234 0.000000 0.000000 0.000000
0.192566 -1.168259 1.000000 -0.357048 -0.120993 0.000000 0.000000 0.000000
0.188992 -1.169458 1.000000 -0.357801 -0.118747 0.000000 0.000000 0.000000
0.185410 -1.170634 1.000000 -0.358540 -0.116497 0.000000 0.000000 0.000000
0.181821 -1.171788 1.000000 -0.359265 -0.114242 0.000000 0.000000 0.000000
0.178225 -1.172919 1.000000 -0.359975 -0.111982 0.000000 0.000000 0.000000
0.174622 -1.174027 1.000000 -0.360672 -0.109718 0.000000 0.000000 0.000000
0.171012 -1.175113 1.000000 -0.361354 -0.107450 0.000000 0.000000 0.000000
0.167395 -1.176176 1.000000 -0.362022 -0.105177 0.000000 0.000000 0.000000
0.163771 -1.177217 1.000000 -0.362676 -0.102901 0.000000 0.000000 0.000000
0.160141 -1.178234 1.000000 -0.363315 -0.100620 0.000000 0.000000 0.000000
0.156505 -1.179229 1.000000 -0.363940 -0.098335 0.000000 0.000000 0.000000
0.152863 -1.180201 1.000000 -0.364551 -0.096046 0.000000 0.000000 0.000000
0.149214 -1.181150 1.000000 -0.365147 -0.093754 0.000000 0.000000 0.000000
0.145560 -1.182076 1.000000 -0.365729 -0.091458 0.000000 0.000000 0.000000
0.141899 -1.182979 1.000000 -0.366297 -0.089158 0.000000 0.000000 0.000000
0.138234 -1.183859 1.000000 -0.366849 -0.086855 0.000000 0.000000 0.000000
0.134563 -1.184716 1.000000 -0.367388 -0.084548 0.000000 0.000000 0.000000
0.130886 -1.185550 1.000000 -0.367912 -0.082238 0.000000 0.000000 0.000000
0.127204 -1.186361 1.000000 -0.368421 -0.079925 0.000000 0.000000 0.000000
0.123518 -1.187149 1.000000 -0.368916 -0.077608 0.000000 0.000000 0.000000
0.119826 -1.187913 1.000000 -0.369397 -0.075289 0.000000 0.000000 0.000000
0.116130 -1.188654 1.000000 -0.369862 -0.072966 0.000000 0.000000 0.000000
0.112429 -1.189372 1.000000 -0.370314 -0.070641 0.000000 0.000000 0.000000
0.108724 -1.190067 1.000000 -0.370750 -0.068313 0.000000 0.000000 0.000000
0.105014 -1.190739 1.000000 -0.371172 -0.065982 0.000000 0.000000 0.000000
0.101300 -1.191387 1.000000 -0.371579 -0.063649 0.000000 0.000000 0.000000
0.097582 -1.192012 1.000000 -0.371972 -0.061313 0.000000 0.000000 0.000000
0.093861 -1.192613 1.000000 -0.372350 -0.058974 0.000000 0.000000 0.000000
0.090135 -1.193191 1.000000 -0.372713 -0.056634 0.000000 0.000000 0.000000
0.086407 -1.193746 1.000000 -0.373061 -0.054291 0.000000 0.000000 0.000000
0.082674 -1.194277 1.000000 -0.373395 -0.051946 0.000000 0.000000 0.000000
0.078939 -1.194785 1.000000 -0.373714 -0.049599 0.000000 0.000000 0.000000
0.075200 -1.195269 1.000000 -0.374018 -0.047250 0.000000 0.000000 0.000000
0.071458 -1.195730 1.000000 -0.374308 -0.044899 0.000000 0.000000 0.000000
0.067714 -1.196167 1.000000 -0.374583 -0.042546 0.000000 0.000000 0.000000
0.063967 -1.196580 1.000000 -0.374843 -0.040192 0.000000 0.000000 0.000000
0.060217 -1.196971 1.000000 -0.375088 -0.037836 0.000000 0.000000 0.000000
0.056465 -1.197337 1.000000 -0.375318 -0.035478 0.000000 0.000000 0.000000
0.052711 -1.197680 1.000000 -0.375534 -0.033119 0.000000 0.000000 0.000000
0.048954 -1.198000 1.000000 -0.375734 -0.030759 0.000000 0.000000 0.000000
0.045196 -1.198295 1.000000 -0.375920 -0.028398 0.000000 0.000000 0.000000
0.041436 -1.198567 1.000000 -0.376091 -0.026035 0.000000 0.000000 0.000000
0.037674 -1.198816 1.000000 -0.376247 -0.023672 0.000000 0.000000 0.000000
0.033911 -1.199041 1.000000 -0.376389 -0.021307 0.000000 0.000000 0.000000
0.030147 -1.199242 1.000000 -0.376515 -0.018942 0.000000 0.000000 0.000000
0.026381 -1.199420 1.000000 -0.376627 -0.016576 0.000000 0.000000 0.000000
0.022614 -1.199574 1.000000 -0.376723 -0.014209 0.000000 0.000000 0.000000
0.018847 -1.199704 1.000000 -0.376805 -0.011842 0.000000 0.000000 0.000000
0.015078 -1.199811 1.000000 -0.376872 -0.009474 0.000000 0.000000 0.000000
0.011309 -1.199893 1.000000 -0.376924 -0.007106 0.000000 0.000000 0.000000
0.007540 -1.199953 1.000000 -0.376961 -0.004737 0.000000 0.000000 0.000000
0.003770 -1.199988 1.000000 -0.376984 -0.002369 0.000000 0.000000 0.000000
0.000000 -1.200000 1.000000 -0.376991 -0.000000 0.000000 0.000000 0.000000
-0.003770 -1.199988 1.000000 -0.376984 0.002369 0.000000 0.000000 0.000000
-0.007540 -1.199953 1.000000 -0.376961 0.004737 0.000000 0.000000 0.000000
-0.011309 -1.199893 1.000000 -0.376924 0.007106 0.000000 0.000000 0.000000
-0.015078 -1.199811 1.000000 -0.376872 0.009474 0.000000 0.000000 0.000000
-0.018846 -1.199704 1.000000 -0.376805 0.011842 0.000000 0.000000 0.000000
-0.022614 -1.199574 1.000000 -0.376723 0.014209 0.000000 0.000000 0.000000
-0.026381 -1.199420 1.000000 -0.376627 0.016576 0.000000 0.000000 0.000000
-0.030146 -1.199242 1.000000 -0.376515 0.018942 0.000000 0.000000 0.000000
-0.033911 -1.199041 1.000000 -0.376389 0.021307 0.000000 0.000000 0.000000
-0.037674 -1.198816 1.000000 -0.376247 0.023671 0.000000 0.000000 0.000000
-0.041436 -1.198568 1.000000 -0.376091 0.026035 0.000000 0.000000 0.000000
-0.045196 -1.198295 1.000000 -0.375920 0.028397 0.000000 0.000000 0.000000
-0.048954 -1.198000 1.000000 -0.375734 0.030759 0.000000 0.000000 0.000000
-0.052711 -1.197680 1.000000 -0.375534 0.033119 0.000000 0.000000 0.000000
-0.056465 -1.197337 1.000000 -0.375318 0.035478 0.000000 0.000000 0.000000
-0.060217 -1.196971 1.000000 -0.375088 0.037835 0.000000 0.000000 0.000000
-0.063967 -1.196580 1.000000 -0.374843 0.040191 0.000000 0.000000 0.000000
-0.067714 -1.196167 1.000000 -0.374583 0.042546 0.000000 0.000000 0.000000
-0.071458 -1.195730 1.000000 -0.374308 0.044899 0.000000 0.000000 0.000000
-0.075200 -1.195269 1.000000 -0.374018 0.047249 0.000000 0.000000 0.000000
-0.078939 -1.194785 1.000000 -0.373714 0.049599 0.000000 0.000000 0.000000
-0.082674 -1.194277 1.000000 -0.373395 0.051946 0.000000 0.000000 0.000000
-0.086406 -1.193746 1.000000 -0.373061 0.054291 0.000000 0.000000 0.000000
-0.090135 -1.193191 1.000000 -0.372713 0.056634 0.000000 0.000000 0.000000
-0.093861 -1.192613 1.000000 -0.372350 0.058974 0.000000 0.000000 0.000000
-0.097582 -1.192012 1.000000 -0.371972 0.061313 0.000000 0.000000 0.000000
-0.101300 -1.191387 1.000000 -0.371579 0.063649 0.000000 0.000000 0.000000
-0.105014 -1.190739 1.000000 -0.371172 0.065982 0.000000 0.000000 0.000000
-0.108723 -1.190067 1.000000 -0.370750 0.068313 0.000000 0.000000 0.000000
-0.112429 -1.189372 1.000000 -0.370314 0.070641 0.000000 0.000000 0.000000
-0.116130 -1.188654 1.000000 -0.369862 0.072966 0.000000 0.000000 0.000000
-0.119826 -1.187913 1.000000 -0.369397 0.075289 0.000000 0.000000 0.000000
-0.123517 -1.187149 1.000000 -0.368916 0.077608 0.000000 0.000000 0.000000
-0.127204 -1.186361 1.000000 -0.368421 0.079925 0.000000 0.000000 0.000000
-0.130886 -1.185550 1.000000 -0.367912 0.082238 0.000000 0.000000 0.000000
-0.134562 -1.184716 1.000000 -0.367388 0.084548 0.000000 0.000000 0.000000
-0.138234 -1.183859 1.000000 -0.366850 0.086855 0.000000 0.000000 0.000000
-0.141899 -1.182979 1.000000 -0.366297 0.089158 0.000000 0.000000 0.000000
-0.145559 -1.182076 1.000000 -0.365729 0.091458 0.000000 0.000000 0.000000
-0.149214 -1.181150 1.000000 -0.365147 0.093754 0.000000 0.000000 0.000000
-0.152862 -1.180201 1.000000 -0.364551 0.096046 0.000000 0.000000 0.000000
-0.156505 -1.179229 1.000000 -0.363940 0.098335 0.000000 0.000000 0.000000
-0.160141 -1.178234 1.000000 -0.363315 0.100620 0.000000 0.000000 0.000000
-0.163771 -1.177217 1.000000 -0.362676 0.102900 0.000000 0.000000 0.000000
-0.167395 -1.176176 1.000000 -0.362022 0.105177 0.000000 0.000000 0.000000
-0.171011 -1.175113 1.000000 -0.361354 0.107450 0.000000 0.000000 0.000000
-0.174622 -1.174027 1.000000 -0.360672 0.109718 0.000000 0.000000 0.000000
-0.178225 -1.172919 1.000000 -0.359975 0.111982 0.000000 0.000000 0.000000
-0.181821 -1.171788 1.000000 -0.359265 0.114242 0.000000 0.000000 0.000000
-0.185410 -1.170634 1.000000 -0.358540 0.116497 0.000000 0.000000 0.000000
-0.188992 -1.169458 1.000000 -0.357801 0.118747 0.000000 0.000000 0.000000
-0.192566 -1.168259 1.000000 -0.357048 0.120993 0.000000 0.000000 0.000000
-0.196133 -1.167038 1.000000 -0.356280 0.123234 0.000000 0.000000 0.000000
-0.199692 -1.165794 1.000000 -0.355499 0.125470 0.000000 0.000000 0.000000
-0.203243 -1.164528 1.000000 -0.354704 0.127701 0.000000 0.000000 0.000000
-0.206786 -1.163240 1.000000 -0.353894 0.129927 0.000000 0.000000 0.000000
-0.210320 -1.161930 1.000000 -0.353071 0.132148 0.000000 0.000000 0.000000
-0.213847 -1.160597 1.000000 -0.352234 0.134364 0.000000 0.000000 0.000000
-0.217365 -1.159243 1.000000 -0.351383 0.136575 0.000000 0.000000 0.000000
-0.220875 -1.157866 1.000000 -0.350517 0.138780 0.000000 0.000000 0.000000
-0.224375 -1.156467 1.000000 -0.349639 0.140979 0.000000 0.000000 0.000000
-0.227867 -1.155046 1.000000 -0.348746 0.143173 0.000000 0.000000 0.000000
-0.231350 -1.153604 1.000000 -0.347839 0.145362 0.000000 0.000000 0.000000
-0.234824 -1.152139 1.000000 -0.346919 0.147544 0.000000 0.000000 0.000000
-0.238289 -1.150653 1.000000 -0.345985 0.149721 0.000000 0.000000 0.000000
-0.241744 -1.149145 1.000000 -0.345038 0.151892 0.000000 0.000000 0.000000
-0.245189 -1.147615 1.000000 -0.344077 0.154057 0.000000 0.000000 0.000000
-0.248625 -1.146064 1.000000 -0.343102 0.156216 0.000000 0.000000 0.000000
-0.252051 -1.144491 1.000000 -0.342114 0.158369 0.000000 0.000000 0.000000
-0.255467 -1.142896 1.000000 -0.341112 0.160515 0.000000 0.000000 0.000000
-0.258874 -1.141280 1.000000 -0.340097 0.162655 0.000000 0.000000 0.000000
-0.262269 -1.139643 1.000000 -0.339068 0.164789 0.000000 0.000000 0.000000
-0.265655 -1.137985 1.000000 -0.338026 0.166916 0.000000 0.000000 0.000000
-0.269030 -1.136305 1.000000 -0.336970 0.169036 0.000000 0.000000 0.000000
-0.272394 -1.134604 1.000000 -0.335902 0.171150 0.000000 0.000000 0.000000
-0.275748 -1.132882 1.000000 -0.334820 0.173257 0.000000 0.000000 0.000000
-0.279091 -1.131139 1.000000 -0.333724 0.175358 0.000000 0.000000 0.000000
-0.282422 -1.129375 1.000000 -0.332616 0.177451 0.000000 0.000000 0.000000
-0.285743 -1.127590 1.000000 -0.331494 0.179538 0.000000 0.000000 0.000000
-0.289052 -1.125784 1.000000 -0.330360 0.181617 0.000000 0.000000 0.000000
-0.292350 -1.123958 1.000000 -0.329212 0.183689 0.000000 0.000000 0.000000
-0.295636 -1.122110 1.000000 -0.328052 0.185754 0.000000 0.000000 0.000000
-0.298911 -1.120242 1.000000 -0.326878 0.187811 0.000000 0.000000 0.000000
-0.302174 -1.118354 1.000000 -0.325691 0.189861 0.000000 0.000000 0.000000
-0.305425 -1.116445 1.000000 -0.324492 0.191904 0.000000 0.000000 0.000000
-0.308664 -1.114516 1.000000 -0.323280 0.193939 0.000000 0.000000 0.000000
-0.311890 -1.112567 1.000000 -0.322055 0.195966 0.000000 0.000000 0.000000
-0.315105 -1.110597 1.000000 -0.320817 0.197986 0.000000 0.000000 0.000000
-0.318307 -1.108607 1.000000 -0.319567 0.199998 0.000000 0.000000 0.000000
-0.321496 -1.106597 1.000000 -0.318304 0.202002 0.000000 0.000000 0.000000
-0.324673 -1.104567 1.000000 -0.317029 0.203998 0.000000 0.000000 0.000000
-0.327837 -1.102517 1.000000 -0.315741 0.205986 0.000000 0.000000 0.000000
-0.330987 -1.100447 1.000000 -0.314440 0.207966 0.000000 0.000000 0.000000
-0.334125 -1.098358 1.000000 -0.313127 0.209937 0.000000 0.000000 0.000000
-0.337250 -1.096248 1.000000 -0.311802 0.211900 0.000000 0.000000 0.000000
-0.340361 -1.094120 1.000000 -0.310465 0.213855 0.000000 0.000000 0.000000
-0.343459 -1.091971 1.000000 -0.309115 0.215802 0.000000 0.000000 0.000000
-0.346544 -1.089804 1.000000 -0.307753 0.217740 0.000000 0.000000 0.000000
-0.349614 -1.087617 1.000000 -0.306379 0.219669 0.000000 0.000000 0.000000
-0.352671 -1.085410 1.000000 -0.304992 0.221590 0.000000 0.000000 0.000000
-0.355714 -1.083185 1.000000 -0.303594 0.223502 0.000000 0.000000 0.000000
-0.358743 -1.080940 1.000000 -0.302184 0.225405 0.000000 0.000000 0.000000
-0.361758 -1.078677 1.000000 -0.300761 0.227299 0.000000 0.000000 0.000000
-0.364758 -1.076394 1.000000 -0.299327 0.229184 0.000000 0.000000 0.000000
-0.367744 -1.074093 1.000000 -0.297881 0.231060 0.000000 0.000000 0.000000
-0.370716 -1.071773 1.000000 -0.296424 0.232928 0.000000 0.000000 0.000000
-0.373673 -1.069435 1.000000 -0.294954 0.234785 0.000000 0.000000 0.000000
-0.376615 -1.067077 1.000000 -0.293473 0.236634 0.000000 0.000000 0.000000
-0.379542 -1.064702 1.000000 -0.291981 0.238473 0.000000 0.000000 0.000000
-0.382454 -1.062308 1.000000 -0.290477 0.240303 0.000000 0.000000 0.000000
-0.385352 -1.059896 1.000000 -0.288961 0.242123 0.000000 0.000000 0.000000
-0.388233 -1.057466 1.000000 -0.287434 0.243934 0.000000 0.000000 0.000000
-0.391100 -1.055017 1.000000 -0.285896 0.245735 0.000000 0.000000 0.000000
-0.393951 -1.052551 1.000000 -0.284346 0.247527 0.000000 0.000000 0.000000
-0.396787 -1.050067 1.000000 -0.282785 0.249309 0.000000 0.000000 0.000000
-0.399607 -1.047565 1.000000 -0.281213 0.251081 0.000000 0.000000 0.000000
-0.402411 -1.045045 1.000000 -0.279630 0.252842 0.000000 0.000000 0.000000
-0.405200 -1.042508 1.000000 -0.278036 0.254594 0.000000 0.000000 0.000000
-0.407972 -1.039953 1.000000 -0.276431 0.256336 0.000000 0.000000 0.000000
-0.410728 -1.037381 1.000000 -0.274815 0.258068 0.000000 0.000000 0.000000
-0.413468 -1.034792 1.000000 -0.273188 0.259790 0.000000 0.000000 0.000000
-0.416192 -1.032185 1.000000 -0.271550 0.261501 0.000000 0.000000 0.000000
-0.418899 -1.029562 1.000000 -0.269902 0.263202 0.000000 0.000000 0.000000
-0.421590 -1.026921 1.000000 -0.268243 0.264893 0.000000 0.000000 0.000000
-0.424264 -1.024264 1.000000 -0.266573 0.266573 0.000000 0.000000 0.000000
-0.426921 -1.021590 1.000000 -0.264893 0.268243 0.000000 0.000000 0.000000
-0.429562 -1.018899 1.000000 -0.263202 0.269902 0.000000 0.000000 0.000000
-0.432185 -1.016192 1.000000 -0.261501 0.271550 0.000000 0.000000 0.000000
-0.434792 -1.013468 1.000000 -0.259790 0.273188 0.000000 0.000000 0.000000
-0.437381 -1.010728 1.000000 -0.258068 0.274815 0.000000 0.000000 0.000000
-0.439953 -1.007972 1.000000 -0.256336 0.276431 0.000000 0.000000 0.000000
-0.442508 -1.005200 1.000000 -0.254595 0.278036 0.000000 0.000000 0.000000
-0.445045 -1.002411 1.000000 -0.252843 0.279630 0.000000 0.000000 0.000000
-0.447565 -0.999607 1.000000 -0.251081 0.281213 0.000000 0.000000 0.000000
-0.450067 -0.996787 1.000000 -0.249309 0.282785 0.000000 0.000000 0.000000
-0.452551 -0.993952 1.000000 -0.247527 0.284346 0.000000 0.000000 0.000000
-0.455017 -0.991100 1.000000 -0.245736 0.285896 0.000000 0.000000 0.000000
-0.457465 -0.988234 1.000000 -0.243934 0.287434 0.000000 0.000000 0.000000
-0.459896 -0.985352 1.000000 -0.242124 0.288961 0.000000 0.000000 0.000000
-0.462308 -0.982454 1.000000 -0.240303 0.290477 0.000000 0.000000 0.000000
-0.464702 -0.979542 1.000000 -0.238473 0.291981 0.000000 0.000000 0.000000
-0.467077 -0.976615 1.000000 -0.236634 0.293473 0.000000 0.000000 0.000000
-0.469434 -0.973673 1.000000 -0.234786 0.294954 0.000000 0.000000 0.000000
-0.471773 -0.970716 1.000000 -0.232928 0.296424 0.000000 0.000000 0.000000
-0.474093 -0.967744 1.000000 -0.231061 0.297881 0.000000 0.000000 0.000000
-0.476394 -0.964758 1.000000 -0.229184 0.299327 0.000000 0.000000 0.000000
-0.478677 -0.961758 1.000000 -0.227299 0.300761 0.000000 0.000000 0.000000
-0.480940 -0.958743 1.000000 -0.225405 0.302184 0.000000 0.000000 0.000000
-0.483185 -0.955714 1.000000 -0.223502 0.303594 0.000000 0.000000 0.000000
-0.485410 -0.952671 1.000000 -0.221590 0.304992 0.000000 0.000000 0.000000
-0.487616 -0.949614 1.000000 -0.219669 0.306378 0.000000 0.000000 0.000000
-0.489803 -0.946544 1.000000 -0.217740 0.307753 0.000000 0.000000 0.000000
-0.491971 -0.943459 1.000000 -0.215802 0.309115 0.000000 0.000000 0.000000
-0.494119 -0.940361 1.000000 -0.213855 0.310464 0.000000 0.000000 0.000000
-0.496248 -0.937250 1.000000 -0.211900 0.311802 0.000000 0.000000 0.000000
-0.498357 -0.934125 1.000000 -0.209937 0.313127 0.000000 0.000000 0.000000
-0.500447 -0.930988 1.000000 -0.207966 0.314440 0.000000 0.000000 0.000000
-0.502517 -0.927837 1.000000 -0.205986 0.315741 0.000000 0.000000 0.000000
-0.504567 -0.924673 1.000000 -0.203998 0.317029 0.000000 0.000000 0.000000
-0.506597 -0.921496 1.000000 -0.202002 0.318304 0.000000 0.000000 0.000000
-0.508607 -0.918307 1.000000 -0.199998 0.319567 0.000000 0.000000 0.000000
-0.510597 -0.915105 1.000000 -0.197986 0.320817 0.000000 0.000000 0.000000
-0.512566 -0.911890 1.000000 -0.195967 0.322055 0.000000 0.000000 0.000000
-0.514516 -0.908664 1.000000 -0.193939 0.323280 0.000000 0.000000 0.000000
-0.516445 -0.905425 1.000000 -0.191904 0.324492 0.000000 0.000000 0.000000
-0.518354 -0.902174 1.000000 -0.189862 0.325691 0.000000 0.000000 0.000000
-0.520242 -0.898911 1.000000 -0.187811 0.326878 0.000000 0.000000 0.000000
-0.522110 -0.895636 1.000000 -0.185754 0.328052 0.000000 0.000000 0.000000
-0.523957 -0.892350 1.000000 -0.183689 0.329212 0.000000 0.000000 0.000000
-0.525784 -0.889052 1.000000 -0.181617 0.330360 0.000000 0.000000 0.000000
-0.527590 -0.885743 1.000000 -0.179538 0.331494 0.000000 0.000000 0.000000
-0.529375 -0.882422 1.000000 -0.177451 0.332616 0.000000 0.000000 0.000000
-0.531139 -0.879091 1.000000 -0.175358 0.333724 0.000000 0.000000 0.000000
-0.532882 -0.875748 1.000000 -0.173258 0.334820 0.000000 0.000000 0.000000
-0.534604 -0.872394 1.000000 -0.171150 0.335902 0.000000 0.000000 0.000000
-0.536305 -0.869030 1.000000 -0.169037 0.336970 0.000000 0.000000 0.000000
-0.537985 -0.865655 1.000000 -0.166916 0.338026 0.000000 0.000000 0.000000
-0.539643 -0.862270 1.000000 -0.164789 0.339068 0.000000 0.000000 0.000000
-0.541280 -0.858874 1.000000 -0.162655 0.340096 0.000000 0.000000 0.000000
-0.542896 -0.855468 1.000000 -0.160515 0.341112 0.000000 0.000000 0.000000
-0.544491 -0.852052 1.000000 -0.158369 0.342114 0.000000 0.000000 0.000000
-0.546064 -0.848625 1.000000 -0.156216 0.343102 0.000000 0.000000 0.000000
-0.547615 -0.845190 1.000000 -0.154057 0.344077 0.000000 0.000000 0.000000
-0.549145 -0.841744 1.000000 -0.151892 0.345038 0.000000 0.000000 0.000000
-0.550653 -0.838289 1.000000 -0.149721 0.345985 0.000000 0.000000 0.000000
-0.552139 -0.834824 1.000000 -0.147544 0.346919 0.000000 0.000000 0.000000
-0.553604 -0.831350 1.000000 -0.145362 0.347839 0.000000 0.000000 0.000000
-0.555046 -0.827868 1.000000 -0.143173 0.348746 0.000000 0.000000 0.000000
-0.556467 -0.824376 1.000000 -0.140979 0.349639 0.000000 0.000000 0.000000
-0.557866 -0.820875 1.000000 -0.138780 0.350517 0.000000 0.000000 0.000000
-0.559243 -0.817365 1.000000 -0.136575 0.351383 0.000000 0.000000 0.000000
-0.560597 -0.813847 1.000000 -0.134364 0.352234 0.000000 0.000000 0.000000
-0.561930 -0.810321 1.000000 -0.132148 0.353071 0.000000 0.000000 0.000000
-0.563240 -0.806786 1.000000 -0.129927 0.353894 0.000000 0.000000 0.000000
-0.564528 -0.803243 1.000000 -0.127701 0.354704 0.000000 0.000000 0.000000
-0.565794 -0.799692 1.000000 -0.125470 0.355499 0.000000 0.000000 0.000000
-0.567038 -0.796133 1.000000 -0.123234 0.356280 0.000000 0.000000 0.000000
-0.568259 -0.792566 1.000000 -0.120993 0.357048 0.000000 0.000000 0.000000
-0.569458 -0.788992 1.000000 -0.118747 0.357801 0.000000 0.000000 0.000000
-0.570634 -0.785410 1.000000 -0.116497 0.358540 0.000000 0.000000 0.000000
-0.571788 -0.781821 1.000000 -0.114242 0.359265 0.000000 0.000000 0.000000
-0.572919 -0.778225 1.000000 -0.111982 0.359975 0.000000 0.000000 0.000000
-0.574027 -0.774622 1.000000 -0.109718 0.360672 0.000000 0.000000 0.000000
-0.575113 -0.771012 1.000000 -0.107450 0.361354 0.000000 0.000000 0.000000
-0.576176 -0.767395 1.000000 -0.105177 0.362022 0.000000 0.000000 0.000000
-0.577217 -0.763771 1.000000 -0.102901 0.362676 0.000000 0.000000 0.000000
-0.578234 -0.760141 1.000000 -0.100620 0.363315 0.000000 0.000000 0.000000
-0.579229 -0.756505 1.000000 -0.098335 0.363940 0.000000 0.000000 0.000000
-0.580201 -0.752863 1.000000 -0.096046 0.364551 0.000000 0.000000 0.000000
-0.581150 -0.749214 1.000000 -0.093754 0.365147 0.000000 0.000000 0.000000
-0.582076 -0.745560 1.000000 -0.091458 0.365729 0.000000 0.000000 0.000000
-0.582979 -0.741900 1.000000 -0.089158 0.366297 0.000000 0.000000 0.000000
-0.583859 -0.738234 1.000000 -0.086855 0.366849 0.000000 0.000000 0.000000
-0.584716 -0.734563 1.000000 -0.084548 0.367388 0.000000 0.000000 0.000000
-0.585550 -0.730886 1.000000 -0.082238 0.367912 0.000000 0.000000 0.000000
-0.586361 -0.727204 1.000000 -0.079925 0.368421 0.000000 0.000000 0.000000
-0.587149 -0.723518 1.000000 -0.077608 0.368916 0.000000 0.000000 0.000000
-0.587913 -0.719826 1.000000 -0.075289 0.369397 0.000000 0.000000 0.000000
-0.588654 -0.716130 1.000000 -0.072966 0.369862 0.000000 0.000000 0.000000
-0.589372 -0.712429 1.000000 -0.070641 0.370314 0.000000 0.000000 0.000000
-0.590067 -0.708724 1.000000 -0.068313 0.370750 0.000000 0.000000 0.000000
-0.590739 -0.705014 1.000000 -0.065982 0.371172 0.000000 0.000000 0.000000
-0.591387 -0.701300 1.000000 -0.063649 0.371579 0.000000 0.000000 0.000000
-0.592012 -0.697582 1.000000 -0.061313 0.371972 0.000000 0.000000 0.000000
-0.592613 -0.693861 1.000000 -0.058974 0.372350 0.000000 0.000000 0.000000
-0.593191 -0.690135 1.000000 -0.056634 0.372713 0.000000 0.000000 0.000000
-0.593746 -0.686407 1.000000 -0.054291 0.373061 0.000000 0.000000 0.000000
-0.594277 -0.682674 1.000000 -0.051946 0.373395 0.000000 0.000000 0.000000
-0.594785 -0.678939 1.000000 -0.049599 0.373714 0.000000 0.000000 0.000000
-0.595269 -0.675200 1.000000 -0.047250 0.374018 0.000000 0.000000 0.000000
-0.595730 -0.671458 1.000000 -0.044899 0.374308 0.000000 0.000000 0.000000
-0.596167 -0.667714 1.000000 -0.042546 0.374583 0.000000 0.000000 0.000000
-0.596580 -0.663967 1.000000 -0.040192 0.374843 0.000000 0.000000 0.000000
-0.596971 -0.660217 1.000000 -0.037836 0.375088 0.000000 0.000000 0.000000
-0.597337 -0.656465 1.000000 -0.035478 0.375318 0.000000 0.000000 0.000000
-0.597680 -0.652711 1.000000 -0.033119 0.375534 0.000000 0.000000 0.000000
-0.598000 -0.648954 1.000000 -0.030759 0.375734 0.000000 0.000000 0.000000
-0.598295 -0.645196 1.000000 -0.028398 0.375920 0.000000 0.000000 0.000000
-0.598567 -0.641436 1.000000 -0.026035 0.376091 0.000000 0.000000 0.000000
-0.598816 -0.637674 1.000000 -0.023672 0.376247 0.000000 0.000000 0.000000
-0.599041 -0.633911 1.000000 -0.021307 0.376389 0.000000 0.000000 0.000000
-0.599242 -0.630147 1.000000 -0.018942 0.376515 0.000000 0.000000 0.000000
-0.599420 -0.626381 1.000000 -0.016576 0.376627 0.000000 0.000000 0.000000
-0.599574 -0.622614 1.000000 -0.014209 0.376723 0.000000 0.000000 0.000000
-0.599704 -0.618847 1.000000 -0.011842 0.376805 0.000000 0.000000 0.000000
-0.599811 -0.615078 1.000000 -0.009474 0.376872 0.000000 0.000000 0.000000
-0.599893 -0.611309 1.000000 -0.007106 0.376924 0.000000 0.000000 0.000000
-0.599953 -0.607540 1.000000 -0.004737 0.376961 0.000000 0.000000 0.000000
-0.599988 -0.603770 1.000000 -0.002369 0.376984 0.000000 0.000000 0.000000
-0.600000 -0.600000 1.000000 -0.000000 0.376991 0.000000 0.000000 0.000000
-0.599988 -0.596230 1.000000 0.002369 0.376984 0.000000 0.000000 0.000000
-0.599953 -0.592460 1.000000 0.004737 0.376961 0.000000 0.000000 0.000000
-0.599893 -0.588691 1.000000 0.007106 0.376924 0.000000 0.000000 0.000000
-0.599811 -0.584922 1.000000 0.009474 0.376872 0.000000 0.000000 0.000000
-0.599704 -0.581154 1.000000 0.011842 0.376805 0.000000 0.000000 0.000000
-0.599574 -0.577386 1.000000 0.014209 0.376723 0.000000 0.000000 0.000000
-0.599420 -0.573619 1.000000 0.016576 0.376627 0.000000 0.000000 0.000000
-0.599242 -0.569854 1.000000 0.018942 0.376515 0.000000 0.000000 0.000000
-0.599041 -0.566089 1.000000 0.021307 0.376389 0.000000 0.000000 0.000000
-0.598816 -0.562326 1.000000 0.023671 0.376247 0.000000 0.000000 0.000000
-0.598568 -0.558564 1.000000 0.026035 0.376091 0.000000 0.000000 0.000000
-0.598295 -0.554804 1.000000 0.028397 0.375920 0.000000 0.000000 0.000000
-0.598000 -0.551046 1.000000 0.030759 0.375734 0.000000 0.000000 0.000000
-0.597680 -0.547289 1.000000 0.033119 0.375534 0.000000 0.000000 0.000000
-0.597337 -0.543535 1.000000 0.035478 0.375318 0.000000 0.000000 0.000000
-0.596971 -0.539783 1.000000 0.037835 0.375088 0.000000 0.000000 0.000000
-0.596580 -0.536033 1.000000 0.040191 0.374843 0.000000 0.000000 0.000000
-0.596167 -0.532286 1.000000 0.042546 0.374583 0.000000 0.000000 0.000000
-0.595730 -0.528542 1.000000 0.044898 0.374308 0.000000 0.000000 0.000000
-0.595269 -0.524800 1.000000 0.047249 0.374018 0.000000 0.000000 0.000000
-0.594785 -0.521061 1.000000 0.049599 0.373714 0.000000 0.000000 0.000000
-0.594277 -0.517326 1.000000 0.051946 0.373395 0.000000 0.000000 0.000000
-0.593746 -0.513594 1.000000 0.054291 0.373061 0.000000 0.000000 0.000000
-0.593191 -0.509865 1.000000 0.056634 0.372713 0.000000 0.000000 0.000000
-0.592613 -0.506139 1.000000 0.058974 0.372350 0.000000 0.000000 0.000000
-0.592012 -0.502418 1.000000 0.061313 0.371972 0.000000 0.000000 0.000000
-0.591387 -0.498700 1.000000 0.063649 0.371579 0.000000 0.000000 0.000000
-0.590739 -0.494986 1.000000 0.065982 0.371172 0.000000 0.000000 0.000000
-0.590067 -0.491277 1.000000 0.068313 0.370750 0.000000 0.000000 0.000000
-0.589372 -0.487571 1.000000 0.070641 0.370314 0.000000 0.000000 0.000000
-0.588654 -0.483870 1.000000 0.072966 0.369862 0.000000 0.000000 0.000000
-0.587913 -0.480174 1.000000 0.075289 0.369397 0.000000 0.000000 0.000000
-0.587149 -0.476483 1.000000 0.077608 0.368916 0.000000 0.000000 0.000000
-0.586361 -0.472796 1.000000 0.079925 0.368421 0.000000 0.000000 0.000000
-0.585550 -0.469114 1.000000 0.082238 0.367912 0.000000 0.000000 0.000000
-0.584716 -0.465438 1.000000 0.084548 0.367388 0.000000 0.000000 0.000000
-0.583859 -0.461766 1.000000 0.086855 0.366850 0.000000 0.000000 0.000000
-0.582979 -0.458101 1.000000 0.089158 0.366297 0.000000 0.000000 0.000000
-0.582076 -0.454441 1.000000 0.091458 0.365729 0.000000 0.000000 0.000000
-0.581150 -0.450786 1.000000 0.093754 0.365147 0.000000 0.000000 0.000000
-0.580201 -0.447138 1.000000 0.096046 0.364551 0.000000 0.000000 0.000000
-0.579229 -0.443495 1.000000 0.098335 0.363940 0.000000 0.000000 0.000000
-0.578234 -0.439859 1.000000 0.100620 0.363315 0.000000 0.000000 0.000000
-0.577217 -0.436229 1.000000 0.102900 0.362676 0.000000 0.000000 0.000000
-0.576176 -0.432605 1.000000 0.105177 0.362022 0.000000 0.000000 0.000000
-0.575113 -0.428989 1.000000 0.107450 0.361354 0.000000 0.000000 0.000000
-0.574027 -0.425378 1.000000 0.109718 0.360672 0.000000 0.000000 0.000000
-0.572919 -0.421775 1.000000 0.111982 0.359975 0.000000 0.000000 0.000000
-0.571788 -0.418179 1.000000 0.114242 0.359265 0.000000 0.000000 0.000000
-0.570634 -0.414590 1.000000 0.116497 0.358540 0.000000 0.000000 0.000000
-0.569458 -0.411008 1.000000 0.118747 0.357801 0.000000 0.000000 0.000000
-0.568259 -0.407434 1.000000 0.120993 0.357048 0.000000 0.000000 0.000000
-0.567038 -0.403867 1.000000 0.123234 0.356280 0.000000 0.000000 0.000000
-0.565794 -0.400308 1.000000 0.125470 0.355499 0.000000 0.000000 0.000000
-0.564529 -0.396757 1.000000 0.127701 0.354704 0.000000 0.000000 0.000000
-0.563240 -0.393214 1.000000 0.129927 0.353894 0.000000 0.000000 0.000000
-0.561930 -0.389680 1.000000 0.132148 0.353071 0.000000 0.000000 0.000000
-0.560597 -0.386153 1.000000 0.134364 0.352234 0.000000 0.000000 0.000000
-0.559243 -0.382635 1.000000 0.136575 0.351383 0.000000 0.000000 0.000000
-0.557866 -0.379125 1.000000 0.138780 0.350517 0.000000 0.000000 0.000000
-0.556467 -0.375625 1.000000 0.140979 0.349639 0.000000 0.000000 0.000000
-0.555046 -0.372133 1.000000 0.143173 0.348746 0.000000 0.000000 0.000000
-0.553604 -0.368650 1.000000 0.145362 0.347839 0.000000 0.000000 0.000000
-0.552139 -0.365176 1.000000 0.147544 0.346919 0.000000 0.000000 0.000000
-0.550653 -0.361711 1.000000 0.149721 0.345985 0.000000 0.000000 0.000000
-0.549145 -0.358256 1.000000 0.151892 0.345038 0.000000 0.000000 0.000000
-0.547615 -0.354811 1.000000 0.154057 0.344077 0.000000 0.000000 0.000000
-0.546064 -0.351375 1.000000 0.156216 0.343102 0.000000 0.000000 0.000000
-0.544491 -0.347949 1.000000 0.158369 0.342114 0.000000 0.000000 0.000000
-0.542896 -0.344533 1.000000 0.160515 0.341112 0.000000 0.000000 0.000000
-0.541280 -0.341126 1.000000 0.162655 0.340097 0.000000 0.000000 0.000000
-0.539643 -0.337731 1.000000 0.164789 0.339068 0.000000 0.000000 0.000000
-0.537985 -0.334345 1.000000 0.166916 0.338026 0.000000 0.000000 0.000000
-0.536305 -0.330970 1.000000 0.169036 0.336970 0.000000 0.000000 0.000000
-0.534604 -0.327606 1.000000 0.171150 0.335902 0.000000 0.000000 0.000000
-0.532882 -0.324252 1.000000 0.173257 0.334820 0.000000 0.000000 0.000000
-0.531139 -0.320909 1.000000 0.175358 0.333724 0.000000 0.000000 0.000000
-0.529375 -0.317578 1.000000 0.177451 0.332616 0.000000 0.000000 0.000000
-0.527590 -0.314257 1.000000 0.179538 0.331494 0.000000 0.000000 0.000000
-0.525784 -0.310948 1.000000 0.181617 0.330360 0.000000 0.000000 0.000000
-0.523958 -0.307650 1.000000 0.183689 0.329212 0.000000 0.000000 0.000000
-0.522110 -0.304364 1.000000 0.185754 0.328052 0.000000 0.000000 0.000000
-0.520242 -0.301089 1.000000 0.187811 0.326878 0.000000 0.000000 0.000000
-0.518354 -0.297826 1.000000 0.189861 0.325691 0.000000 0.000000 0.000000
-0.516445 -0.294575 1.000000 0.191904 0.324492 0.000000 0.000000 0.000000
-0.514516 -0.291336 1.000000 0.193939 0.323280 0.000000 0.000000 0.000000
-0.512567 -0.288110 1.000000 0.195966 0.322055 0.000000 0.000000 0.000000
-0.510597 -0.284895 1.000000 0.197986 0.320817 0.000000 0.000000 0.000000
-0.508607 -0.281693 1.000000 0.199998 0.319567 0.000000 0.000000 0.000000
-0.506597 -0.278504 1.000000 0.202002 0.318304 0.000000 0.000000 0.000000
-0.504567 -0.275327 1.000000 0.203998 0.317029 0.000000 0.000000 0.000000
-0.502517 -0.272163 1.000000 0.205986 0.315741 0.000000 0.000000 0.000000
-0.500447 -0.269013 1.000000 0.207966 0.314440 0.000000 0.000000 0.000000
-0.498358 -0.265875 1.000000 0.209937 0.313127 0.000000 0.000000 0.000000
-0.496248 -0.262750 1.000000 0.211900 0.311802 0.000000 0.000000 0.000000
-0.494120 -0.259639 1.000000 0.213855 0.310465 0.000000 0.000000 0.000000
-0.491971 -0.256541 1.000000 0.215802 0.309115 0.000000 0.000000 0.000000
-0.489804 -0.253456 1.000000 0.217740 0.307753 0.000000 0.000000 0.000000
-0.487617 -0.250386 1.000000 0.219669 0.306379 0.000000 0.000000 0.000000
-0.485410 -0.247329 1.000000 0.221590 0.304992 0.000000 0.000000 0.000000
-0.483185 -0.244286 1.000000 0.223502 0.303594 0.000000 0.000000 0.000000
-0.480940 -0.241257 1.000000 0.225405 0.302184 0.000000 0.000000 0.000000
-0.478677 -0.238242 1.000000 0.227299 0.300761 0.000000 0.000000 0.000000
-0.476394 -0.235242 1.000000 0.229184 0.299327 0.000000 0.000000 0.000000
-0.474093 -0.232256 1.000000 0.231060 0.297881 0.000000 0.000000 0.000000
-0.471773 -0.229284 1.000000 0.232928 0.296424 0.000000 0.000000 0.000000
-0.469435 -0.226327 1.000000 0.234785 0.294954 0.000000 0.000000 0.000000
-0.467077 -0.223385 1.000000 0.236634 0.293473 0.000000 0.000000 0.000000
-0.464702 -0.220458 1.000000 0.238473 0.291981 0.000000 0.000000 0.000000
-0.462308 -0.217546 1.000000 0.240303 0.290477 0.000000 0.000000 0.000000
-0.459896 -0.214648 1.000000 0.242123 0.288961 0.000000 0.000000 0.000000
-0.457466 -0.211767 1.000000 0.243934 0.287434 0.000000 0.000000 0.000000
-0.455017 -0.208900 1.000000 0.245735 0.285896 0.000000 0.000000 0.000000
-0.452551 -0.206049 1.000000 0.247527 0.284346 0.000000 0.000000 0.000000
-0.450067 -0.203213 1.000000 0.249309 0.282785 0.000000 0.000000 0.000000
-0.447565 -0.200393 1.000000 0.251080 0.281213 0.000000 0.000000 0.000000
-0.445045 -0.197589 1.000000 0.252842 0.279630 0.000000 0.000000 0.000000
-0.442508 -0.194800 1.000000 0.254594 0.278036 0.000000 0.000000 0.000000
-0.439953 -0.192028 1.000000 0.256336 0.276431 0.000000 0.000000 0.000000
-0.437381 -0.189272 1.000000 0.258068 0.274815 0.000000 0.000000 0.000000
-0.434792 -0.186532 1.000000 0.259790 0.273188 0.000000 0.000000 0.000000
-0.432185 -0.183808 1.000000 0.261501 0.271550 0.000000 0.000000 0.000000
-0.429562 -0.181101 1.000000 0.263202 0.269902 0.000000 0.000000 0.000000
-0.426921 -0.178410 1.000000 0.264893 0.268243 0.000000 0.000000 0.000000
-0.424264 -0.175736 1.000000 0.266573 0.266573 0.000000 0.000000 0.000000
-0.421590 -0.173079 1.000000 0.268243 0.264893 0.000000 0.000000 0.000000
-0.418899 -0.170438 1.000000 0.269902 0.263202 0.000000 0.000000 0.000000
-0.416192 -0.167815 1.000000 0.271550 0.261501 0.000000 0.000000 0.000000
-0.413468 -0.165208 1.000000 0.273188 0.259790 0.000000 0.000000 0.000000
-0.410728 -0.162619 1.000000 0.274815 0.258068 0.000000 0.000000 0.000000
-0.407972 -0.160047 1.000000 0.276431 0.256336 0.000000 0.000000 0.000000
-0.405200 -0.157492 1.000000 0.278036 0.254595 0.000000 0.000000 0.000000
-0.402411 -0.154955 1.000000 0.279630 0.252843 0.000000 0.000000 0.000000
-0.399607 -0.152435 1.000000 0.281213 0.251081 0.000000 0.000000 0.000000
-0.396787 -0.149933 1.000000 0.282785 0.249309 0.000000 0.000000 0.000000
-0.393952 -0.147449 1.000000 0.284346 0.247527 0.000000 0.000000 0.000000
-0.391100 -0.144983 1.000000 0.285896 0.245736 0.000000 0.000000 0.000000
-0.388234 -0.142535 1.000000 0.287434 0.243934 0.000000 0.000000 0.000000
-0.385352 -0.140104 1.000000 0.288961 0.242124 0.000000 0.000000 0.000000
-0.382454 -0.137692 1.000000 0.290477 0.240303 0.000000 0.000000 0.000000
-0.379542 -0.135298 1.000000 0.291981 0.238473 0.000000 0.000000 0.000000
-0.376615 -0.132923 1.000000 0.293473 0.236634 0.000000 0.000000 0.000000
-0.373673 -0.130566 1.000000 0.294954 0.234786 0.000000 0.000000 0.000000
-0.370716 -0.128227 1.000000 0.296424 0.232928 0.000000 0.000000 0.000000
-0.367744 -0.125907 1.000000 0.297881 0.231061 0.000000 0.000000 0.000000
-0.364758 -0.123606 1.000000 0.299327 0.229184 0.000000 0.000000 0.000000
-0.361758 -0.121323 1.000000 0.300761 0.227299 0.000000 0.000000 0.000000
-0.358743 -0.119060 1.000000 0.302184 0.225405 0.000000 0.000000 0.000000
-0.355714 -0.116815 1.000000 0.303594 0.223502 0.000000 0.000000 0.000000
-0.352671 -0.114590 1.000000 0.304992 0.221590 0.000000 0.000000 0.000000
-0.349614 -0.112384 1.000000 0.306378 0.219669 0.000000 0.000000 0.000000
-0.346544 -0.110197 1.000000 0.307753 0.217740 0.000000 0.000000 0.000000
-0.343459 -0.108029 1.000000 0.309115 0.215802 0.000000 0.000000 0.000000
-0.340361 -0.105881 1.000000 0.310464 0.213855 0.000000 0.000000 0.000000
-0.337250 -0.103752 1.000000 0.311802 0.211901 0.000000 0.000000 0.000000
-0.334125 -0.101643 1.000000 0.313127 0.209937 0.000000 0.000000 0.000000
-0.330988 -0.099553 1.000000 0.314440 0.207966 0.000000 0.000000 0.000000
-0.327837 -0.097483 1.000000 0.315741 0.205986 0.000000 0.000000 0.000000
-0.324673 -0.095433 1.000000 0.317029 0.203998 0.000000 0.000000 0.000000
-0.321496 -0.093403 1.000000 0.318304 0.202002 0.000000 0.000000 0.000000
-0.318307 -0.091393 1.000000 0.319567 0.199998 0.000000 0.000000 0.000000
-0.315105 -0.089403 1.000000 0.320817 0.197986 0.000000 0.000000 0.000000
-0.311891 -0.087434 1.000000 0.322055 0.195967 0.000000 0.000000 0.000000
-0.308664 -0.085484 1.000000 0.323280 0.193939 0.000000 0.000000 0.000000
-0.305425 -0.083555 1.000000 0.324492 0.191904 0.000000 0.000000 0.000000
-0.302174 -0.081646 1.000000 0.325691 0.189862 0.000000 0.000000 0.000000
-0.298911 -0.079758 1.000000 0.326878 0.187811 0.000000 0.000000 0.000000
-0.295637 -0.077890 1.000000 0.328052 0.185754 0.000000 0.000000 0.000000
-0.292350 -0.076043 1.000000 0.329212 0.183689 0.000000 0.000000 0.000000
-0.289052 -0.074216 1.000000 0.330360 0.181617 0.000000 0.000000 0.000000
-0.285743 -0.072410 1.000000 0.331494 0.179538 0.000000 0.000000 0.000000
-0.282422 -0.070625 1.000000 0.332616 0.177451 0.000000 0.000000 0.000000
-0.279091 -0.068861 1.000000 0.333724 0.175358 0.000000 0.000000 0.000000
-0.275748 -0.067118 1.000000 0.334820 0.173258 0.000000 0.000000 0.000000
-0.272394 -0.065396 1.000000 0.335902 0.171150 0.000000 0.000000 0.000000
-0.269030 -0.063695 1.000000 0.336970 0.169037 0.000000 0.000000 0.000000
-0.265655 -0.062015 1.000000 0.338026 0.166916 0.000000 0.000000 0.000000
-0.262270 -0.060357 1.000000 0.339068 0.164789 0.000000 0.000000 0.000000
-0.258874 -0.058720 1.000000 0.340096 0.162655 0.000000 0.000000 0.000000
-0.255468 -0.057104 1.000000 0.341112 0.160515 0.000000 0.000000 0.000000
-0.252052 -0.055509 1.000000 0.342114 0.158369 0.000000 0.000000 0.000000
-0.248625 -0.053936 1.000000 0.343102 0.156216 0.000000 0.000000 0.000000
-0.245190 -0.052385 1.000000 0.344077 0.154057 0.000000 0.000000 0.000000
-0.241744 -0.050855 1.000000 0.345038 0.151892 0.000000 0.000000 0.000000
-0.238289 -0.049347 1.000000 0.345985 0.149721 0.000000 0.000000 0.000000
-0.234824 -0.047861 1.000000 0.346919 0.147544 0.000000 0.000000 0.000000
-0.231351 -0.046396 1.000000 0.347839 0.145362 0.000000 0.000000 0.000000
-0.227868 -0.044954 1.000000 0.348746 0.143173 0.000000 0.000000 0.000000
-0.224376 -0.043533 1.000000 0.349639 0.140979 0.000000 0.000000 0.000000
-0.220875 -0.042134 1.000000 0.350517 0.138780 0.000000 0.000000 0.000000
-0.217365 -0.040757 1.000000 0.351382 0.136575 0.000000 0.000000 0.000000
-0.213847 -0.039403 1.000000 0.352234 0.134364 0.000000 0.000000 0.000000
-0.210321 -0.038070 1.000000 0.353071 0.132148 0.000000 0.000000 0.000000
-0.206786 -0.036760 1.000000 0.353894 0.129927 0.000000 0.000000 0.000000
-0.203243 -0.035472 1.000000 0.354704 0.127701 0.000000 0.000000 0.000000
-0.199692 -0.034206 1.000000 0.355499 0.125470 0.000000 0.000000 0.000000
-0.196133 -0.032962 1.000000 0.356280 0.123234 0.000000 0.000000 0.000000
-0.192566 -0.031741 1.000000 0.357048 0.120993 0.000000 0.000000 0.000000
-0.188992 -0.030542 1.000000 0.357801 0.118747 0.000000 0.000000 0.000000
-0.185410 -0.029366 1.000000 0.358540 0.116497 0.000000 0.000000 0.000000
-0.181821 -0.028212 1.000000 0.359265 0.114242 0.000000 0.000000 0.000000
-0.178225 -0.027081 1.000000 0.359975 0.111982 0.000000 0.000000 0.000000
-0.174622 -0.025973 1.000000 0.360672 0.109718 0.000000 0.000000 0.000000
-0.171012 -0.024887 1.000000 0.361354 0.107450 0.000000 0.000000 0.000000
-0.167395 -0.023824 1.000000 0.362022 0.105177 0.000000 0.000000 0.000000
-0.163771 -0.022783 1.000000 0.362676 0.102901 0.000000 0.000000 0.000000
-0.160141 -0.021766 1.000000 0.363315 0.100620 0.000000 0.000000 0.000000
-0.156505 -0.020771 1.000000 0.363940 0.098335 0.000000 0.000000 0.000000
-0.152863 -0.019799 1.000000 0.364551 0.096046 0.000000 0.000000 0.000000
-0.149214 -0.018850 1.000000 0.365147 0.093754 0.000000 0.000000 0.000000
-0.145560 -0.017924 1.000000 0.365729 0.091458 0.000000 0.000000 0.000000
-0.141900 -0.017021 1.000000 0.366297 0.089158 0.000000 0.000000 0.000000
-0.138234 -0.016141 1.000000 0.366849 0.086855 0.000000 0.000000 0.000000
-0.134563 -0.015284 1.000000 0.367388 0.084548 0.000000 0.000000 0.000000
-0.130886 -0.014450 1.000000 0.367912 0.082238 0.000000 0.000000 0.000000
-0.127204 -0.013639 1.000000 0.368421 0.079925 0.000000 0.000000 0.000000
-0.123518 -0.012851 1.000000 0.368916 0.077608 0.000000 0.000000 0.000000
-0.119826 -0.012087 1.000000 0.369397 0.075289 0.000000 0.000000 0.000000
-0.116130 -0.011346 1.000000 0.369862 0.072967 0.000000 0.000000 0.000000
-0.112429 -0.010628 1.000000 0.370314 0.070641 0.000000 0.000000 0.000000
-0.108724 -0.009933 1.000000 0.370750 0.068313 0.000000 0.000000 0.000000
-0.105014 -0.009261 1.000000 0.371172 0.065982 0.000000 0.000000 0.000000
-0.101300 -0.008613 1.000000 0.371579 0.063649 0.000000 0.000000 0.000000
-0.097582 -0.007988 1.000000 0.371972 0.061313 0.000000 0.000000 0.000000
-0.093861 -0.007387 1.000000 0.372350 0.058974 0.000000 0.000000 0.000000
-0.090135 -0.006809 1.000000 0.372713 0.056634 0.000000 0.000000 0.000000
-0.086407 -0.006254 1.000000 0.373061 0.054291 0.000000 0.000000 0.000000
-0.082674 -0.005723 1.000000 0.373395 0.051946 0.000000 0.000000 0.000000
-0.078939 -0.005215 1.000000 0.373714 0.049599 0.000000 0.000000 0.000000
-0.075200 -0.004731 1.000000 0.374018 0.047250 0.000000 0.000000 0.000000
-0.071458 -0.004270 1.000000 0.374308 0.044899 0.000000 0.000000 0.000000
-0.067714 -0.003833 1.000000 0.374583 0.042546 0.000000 0.000000 0.000000
-0.063967 -0.003420 1.000000 0.374843 0.040192 0.000000 0.000000 0.000000
-0.060217 -0.003029 1.000000 0.375088 0.037836 0.000000 0.000000 0.000000
-0.056465 -0.002663 1.000000 0.375318 0.035478 0.000000 0.000000 0.000000
-0.052711 -0.002320 1.000000 0.375534 0.033119 0.000000 0.000000 0.000000
-0.048954 -0.002000 1.000000 0.375734 0.030759 0.000000 0.000000 0.000000
-0.045196 -0.001705 1.000000 0.375920 0.028398 0.000000 0.000000 0.000000
-0.041436 -0.001433 1.000000 0.376091 0.026035 0.000000 0.000000 0.000000
-0.037674 -0.001184 1.000000 0.376247 0.023672 0.000000 0.000000 0.000000
-0.033911 -0.000959 1.000000 0.376389 0.021307 0.000000 0.000000 0.000000
-0.030147 -0.000758 1.000000 0.376515 0.018942 0.000000 0.000000 0.000000
-0.026381 -0.000580 1.000000 0.376627 0.016576 0.000000 0.000000 0.000000
-0.022614 -0.000426 1.000000 0.376723 0.014209 0.000000 0.000000 0.000000
-0.018847 -0.000296 1.000000 0.376805 0.011842 0.000000 0.000000 0.000000
-0.015078 -0.000189 1.000000 0.376872 0.009474 0.000000 0.000000 0.000000
-0.011309 -0.000107 1.000000 0.376924 0.007106 0.000000 0.000000 0.000000
-0.007540 -0.000047 1.000000 0.376961 0.004737 0.000000 0.000000 0.000000
-0.003770 -0.000012 1.000000 0.376984 0.002369 0.000000 0.000000 0.000000
-0.000000 -0.000000 1.000000 0.376991 0.000000 0.000000 0.000000 0.000000
0.003770 -0.000012 1.000000 0.376984 -0.002369 0.000000 0.000000 0.000000
0.007539 -0.000047 1.000000 0.376961 -0.004737 0.000000 0.000000 0.000000
0.011309 -0.000107 1.000000 0.376924 -0.007106 0.000000 0.000000 0.000000
0.015078 -0.000189 1.000000 0.376872 -0.009474 0.000000 0.000000 0.000000
0.018846 -0.000296 1.000000 0.376805 -0.011841 0.000000 0.000000 0.000000
0.022614 -0.000426 1.000000 0.376723 -0.014209 0.000000 0.000000 0.000000
0.026381 -0.000580 1.000000 0.376627 -0.016576 0.000000 0.000000 0.000000
0.030146 -0.000758 1.000000 0.376515 -0.018942 0.000000 0.000000 0.000000
0.033911 -0.000959 1.000000 0.376389 -0.021307 0.000000 0.000000 0.000000
0.037674 -0.001184 1.000000 0.376247 -0.023671 0.000000 0.000000 0.000000
0.041436 -0.001432 1.000000 0.376091 -0.026035 0.000000 0.000000 0.000000
0.045196 -0.001705 1.000000 0.375920 -0.028397 0.000000 0.000000 0.000000
0.048954 -0.002000 1.000000 0.375734 -0.030759 0.000000 0.000000 0.000000
0.052711 -0.002320 1.000000 0.375534 -0.033119 0.000000 0.000000 0.000000
0.056465 -0.002663 1.000000 0.375318 -0.035478 0.000000 0.000000 0.000000
0.060217 -0.003029 1.000000 0.375088 -0.037835 0.000000 0.000000 0.000000
0.063967 -0.003420 1.000000 0.374843 -0.040191 0.000000 0.000000 0.000000
0.067714 -0.003833 1.000000 0.374583 -0.042546 0.000000 0.000000 0.000000
0.071458 -0.004270 1.000000 0.374308 -0.044898 0.000000 0.000000 0.000000
0.075200 -0.004731 1.000000 0.374018 -0.047249 0.000000 0.000000 0.000000
0.078938 -0.005215 1.000000 0.373714 -0.049599 0.000000 0.000000 0.000000
0.082674 -0.005723 1.000000 0.373395 -0.051946 0.000000 0.000000 0.000000
0.086406 -0.006254 1.000000 0.373061 -0.054291 0.000000 0.000000 0.000000
0.090135 -0.006809 1.000000 0.372713 -0.056634 0.000000 0.000000 0.000000
0.093861 -0.007387 1.000000 0.372350 -0.058974 0.000000 0.000000 0.000000
0.097582 -0.007988 1.000000 0.371972 -0.061313 0.000000 0.000000 0.000000
0.101300 -0.008613 1.000000 0.371579 -0.063649 0.000000 0.000000 0.000000
0.105014 -0.009261 1.000000 0.371172 -0.065982 0.000000 0.000000 0.000000
0.108723 -0.009933 1.000000 0.370750 -0.068313 0.000000 0.000000 0.000000
0.112429 -0.010628 1.000000 0.370314 -0.070641 0.000000 0.000000 0.000000
0.116130 -0.011346 1.000000 0.369862 -0.072966 0.000000 0.000000 0.000000
0.119826 -0.012087 1.000000 0.369397 -0.075289 0.000000 0.000000 0.000000
0.123517 -0.012851 1.000000 0.368916 -0.077608 0.000000 0.000000 0.000000
0.127204 -0.013639 1.000000 0.368421 -0.079925 0.000000 0.000000 0.000000
0.130886 -0.014450 1.000000 0.367912 -0.082238 0.000000 0.000000 0.000000
0.134562 -0.015284 1.000000 0.367388 -0.084548 0.000000 0.000000 0.000000
0.138234 -0.016141 1.000000 0.366850 -0.086855 0.000000 0.000000 0.000000
0.141899 -0.017021 1.000000 0.366297 -0.089158 0.000000 0.000000 0.000000
0.145559 -0.017924 1.000000 0.365729 -0.091458 0.000000 0.000000 0.000000
0.149214 -0.018850 1.000000 0.365147 -0.093754 0.000000 0.000000 0.000000
0.152862 -0.019799 1.000000 0.364551 -0.096046 0.000000 0.000000 0.000000
0.156505 -0.020771 1.000000 0.363940 -0.098335 0.000000 0.000000 0.000000
0.160141 -0.021766 1.000000 0.363315 -0.100620 0.000000 0.000000 0.000000
0.163771 -0.022783 1.000000 0.362676 -0.102900 0.000000 0.000000 0.000000
0.167395 -0.023824 1.000000 0.362022 -0.105177 0.000000 0.000000 0.000000
0.171011 -0.024887 1.000000 0.361354 -0.107450 0.000000 0.000000 0.000000
0.174622 -0.025973 1.000000 0.360672 -0.109718 0.000000 0.000000 0.000000
0.178225 -0.027081 1.000000 0.359975 -0.111982 0.000000 0.000000 0.000000
0.181821 -0.028212 1.000000 0.359265 -0.114242 0.000000 0.000000 0.000000
0.185410 -0.029366 1.000000 0.358540 -0.116497 0.000000 0.000000 0.000000
0.188992 -0.030542 1.000000 0.357801 -0.118747 0.000000 0.000000 0.000000
0.192566 -0.031741 1.000000 0.357048 -0.120993 0.000000 0.000000 0.000000
0.196133 -0.032962 1.000000 0.356280 -0.123234 0.000000 0.000000 0.000000
0.199692 -0.034206 1.000000 0.355499 -0.125470 0.000000 0.000000 0.000000
0.203243 -0.035471 1.000000 0.354704 -0.127701 0.000000 0.000000 0.000000
0.206786 -0.036760 1.000000 0.353894 -0.129927 0.000000 0.000000 0.000000
0.210320 -0.038070 1.000000 0.353071 -0.132148 0.000000 0.000000 0.000000
0.213847 -0.039403 1.000000 0.352234 -0.134364 0.000000 0.000000 0.000000
0.217365 -0.040757 1.000000 0.351383 -0.136575 0.000000 0.000000 0.000000
0.220875 -0.042134 1.000000 0.350518 -0.138780 0.000000 0.000000 0.000000
0.224375 -0.043533 1.000000 0.349639 -0.140979 0.000000 0.000000 0.000000
0.227867 -0.044954 1.000000 0.348746 -0.143173 0.000000 0.000000 0.000000
0.231350 -0.046396 1.000000 0.347839 -0.145362 0.000000 0.000000 0.000000
0.234824 -0.047861 1.000000 0.346919 -0.147544 0.000000 0.000000 0.000000
0.238289 -0.049347 1.000000 0.345985 -0.149721 0.000000 0.000000 0.000000
0.241744 -0.050855 1.000000 0.345038 -0.151892 0.000000 0.000000 0.000000
0.245189 -0.052385 1.000000 0.344077 -0.154057 0.000000 0.000000 0.000000
0.248625 -0.053936 1.000000 0.343102 -0.156216 0.000000 0.000000 0.000000
0.252051 -0.055509 1.000000 0.342114 -0.158369 0.000000 0.000000 0.000000
0.255467 -0.057104 1.000000 0.341112 -0.160515 0.000000 0.000000 0.000000
0.258874 -0.058720 1.000000 0.340097 -0.162655 0.000000 0.000000 0.000000
0.262269 -0.060357 1.000000 0.339068 -0.164789 0.000000 0.000000 0.000000
0.265655 -0.062015 1.000000 0.338026 -0.166916 0.000000 0.000000 0.000000
0.269030 -0.063695 1.000000 0.336970 -0.169036 0.000000 0.000000 0.000000
0.272394 -0.065396 1.000000 0.335902 -0.171150 0.000000 0.000000 0.000000
0.275748 -0.067118 1.000000 0.334820 -0.173257 0.000000 0.000000 0.000000
0.279091 -0.068861 1.000000 0.333724 -0.175358 0.000000 0.000000 0.000000
0.282422 -0.070625 1.000000 0.332616 -0.177451 0.000000 0.000000 0.000000
0.285743 -0.072410 1.000000 0.331494 -0.179537 0.000000 0.000000 0.000000
0.289052 -0.074216 1.000000 0.330360 -0.181617 0.000000 0.000000 0.000000
0.292350 -0.076042 1.000000 0.329212 -0.183689 0.000000 0.000000 0.000000
0.295636 -0.077890 1.000000 0.328052 -0.185754 0.000000 0.000000 0.000000
0.298911 -0.079758 1.000000 0.326878 -0.187811 0.000000 0.000000 0.000000
0.302174 -0.081646 1.000000 0.325691 -0.189861 0.000000 0.000000 0.000000
0.305425 -0.083555 1.000000 0.324492 -0.191904 0.000000 0.000000 0.000000
0.308664 -0.085484 1.000000 0.323280 -0.193939 0.000000 0.000000 0.000000
0.311890 -0.087433 1.000000 0.322055 -0.195966 0.000000 0.000000 0.000000
0.315105 -0.089403 1.000000 0.320817 -0.197986 0.000000 0.000000 0.000000
0.318307 -0.091393 1.000000 0.319567 -0.199998 0.000000 0.000000 0.000000
0.321496 -0.093403 1.000000 0.318304 -0.202002 0.000000 0.000000 0.000000
0.324673 -0.095433 1.000000 0.317029 -0.203998 0.000000 0.000000 0.000000
0.327836 -0.097483 1.000000 0.315741 -0.205986 0.000000 0.000000 0.000000
0.330987 -0.099553 1.000000 0.314440 -0.207966 0.000000 0.000000 0.000000
0.334125 -0.101642 1.000000 0.313127 -0.209937 0.000000 0.000000 0.000000
0.337250 -0.103752 1.000000 0.311802 -0.211900 0.000000 0.000000 0.000000
0.340361 -0.105880 1.000000 0.310465 -0.213855 0.000000 0.000000 0.000000
0.343459 -0.108029 1.000000 0.309115 -0.215802 0.000000 0.000000 0.000000
0.346544 -0.110196 1.000000 0.307753 -0.217740 0.000000 0.000000 0.000000
0.349614 -0.112383 1.000000 0.306379 -0.219669 0.000000 0.000000 0.000000
0.352671 -0.114590 1.000000 0.304992 -0.221590 0.000000 0.000000 0.000000
0.355714 -0.116815 1.000000 0.303594 -0.223502 0.000000 0.000000 0.000000
0.358743 -0.119060 1.000000 0.302184 -0.225405 0.000000 0.000000 0.000000
0.361758 -0.121323 1.000000 0.300761 -0.227299 0.000000 0.000000 0.000000
0.364758 -0.123606 1.000000 0.299327 -0.229184 0.000000 0.000000 0.000000
0.367744 -0.125907 1.000000 0.297881 -0.231060 0.000000 0.000000 0.000000
0.370716 -0.128227 1.000000 0.296424 -0.232928 0.000000 0.000000 0.000000
0.373673 -0.130565 1.000000 0.294954 -0.234785 0.000000 0.000000 0.000000
0.376615 -0.132923 1.000000 0.293473 -0.236634 0.000000 0.000000 0.000000
0.379542 -0.135298 1.000000 0.291981 -0.238473 0.000000 0.000000 0.000000
0.382454 -0.137692 1.000000 0.290477 -0.240303 0.000000 0.000000 0.000000
0.385351 -0.140104 1.000000 0.288961 -0.242123 0.000000 0.000000 0.000000
0.388233 -0.142534 1.000000 0.287434 -0.243934 0.000000 0.000000 0.000000
0.391100 -0.144983 1.000000 0.285896 -0.245735 0.000000 0.000000 0.000000
0.393951 -0.147449 1.000000 0.284346 -0.247527 0.000000 0.000000 0.000000
0.396787 -0.149933 1.000000 0.282785 -0.249309 0.000000 0.000000 0.000000
0.399607 -0.152435 1.000000 0.281213 -0.251080 0.000000 0.000000 0.000000
0.402411 -0.154955 1.000000 0.279630 -0.252842 0.000000 0.000000 0.000000
0.405200 -0.157492 1.000000 0.278036 -0.254594 0.000000 0.000000 0.000000
0.407972 -0.160047 1.000000 0.276431 -0.256336 0.000000 0.000000 0.000000
0.410728 -0.162619 1.000000 0.274815 -0.258068 0.000000 0.000000 0.000000
0.413468 -0.165208 1.000000 0.273188 -0.259790 0.000000 0.000000 0.000000
0.416192 -0.167814 1.000000 0.271550 -0.261501 0.000000 0.000000 0.000000
0.418899 -0.170438 1.000000 0.269902 -0.263202 0.000000 0.000000 0.000000
0.421590 -0.173078 1.000000 0.268243 -0.264893 0.000000 0.000000 0.000000
0.424264 -0.175736 1.000000 0.266573 -0.266573 0.000000 0.000000 0.000000
0.426921 -0.178410 1.000000 0.264893 -0.268243 0.000000 0.000000 0.000000
0.429562 -0.181101 1.000000 0.263202 -0.269902 0.000000 0.000000 0.000000
0.432185 -0.183808 1.000000 0.261501 -0.271550 0.000000 0.000000 0.000000
0.434792 -0.186532 1.000000 0.259790 -0.273188 0.000000 0.000000 0.000000
0.437381 -0.189272 1.000000 0.258068 -0.274815 0.000000 0.000000 0.000000
0.439953 -0.192028 1.000000 0.256336 -0.276431 0.000000 0.000000 0.000000
0.442508 -0.194800 1.000000 0.254595 -0.278036 0.000000 0.000000 0.000000
0.445045 -0.197589 1.000000 0.252843 -0.279630 0.000000 0.000000 0.000000
0.447565 -0.200393 1.000000 0.251081 -0.281213 0.000000 0.000000 0.000000
0.450067 -0.203213 1.000000 0.249309 -0.282785 0.000000 0.000000 0.000000
0.452551 -0.206048 1.000000 0.247527 -0.284346 0.000000 0.000000 0.000000
0.455017 -0.208900 1.000000 0.245736 -0.285896 0.000000 0.000000 0.000000
0.457465 -0.211766 1.000000 0.243934 -0.287434 0.000000 0.000000 0.000000
0.459896 -0.214648 1.000000 0.242124 -0.288961 0.000000 0.000000 0.000000
0.462308 -0.217546 1.000000 0.240303 -0.290477 0.000000 0.000000 0.000000
0.464702 -0.220458 1.000000 0.238473 -0.291981 0.000000 0.000000 0.000000
0.467077 -0.223385 1.000000 0.236634 -0.293473 0.000000 0.000000 0.000000
0.469434 -0.226327 1.000000 0.234786 -0.294954 0.000000 0.000000 0.000000
0.471773 -0.229284 1.000000 0.232928 -0.296424 0.000000 0.000000 0.000000
0.474093 -0.232256 1.000000 0.231061 -0.297881 0.000000 0.000000 0.000000
0.476394 -0.235242 1.000000 0.229184 -0.299327 0.000000 0.000000 0.000000
0.478677 -0.238242 1.000000 0.227299 -0.300761 0.000000 0.000000 0.000000
0.480940 -0.241257 1.000000 0.225405 -0.302184 0.000000 0.000000 0.000000
0.483185 -0.244286 1.000000 0.223502 -0.303594 0.000000 0.000000 0.000000
0.485410 -0.247329 1.000000 0.221590 -0.304992 0.000000 0.000000 0.000000
0.487616 -0.250386 1.000000 0.219669 -0.306378 0.000000 0.000000 0.000000
0.489803 -0.253456 1.000000 0.217740 -0.307753 0.000000 0.000000 0.000000
0.491971 -0.256541 1.000000 0.215802 -0.309115 0.000000 0.000000 0.000000
0.494119 -0.259639 1.000000 0.213855 -0.310464 0.000000 0.000000 0.000000
0.496248 -0.262750 1.000000 0.211901 -0.311802 0.000000 0.000000 0.000000
0.498357 -0.265875 1.000000 0.209937 -0.313127 0.000000 0.000000 0.000000
0.500447 -0.269012 1.000000 0.207966 -0.314440 0.000000 0.000000 0.000000
0.502517 -0.272163 1.000000 0.205986 -0.315741 0.000000 0.000000 0.000000
0.504567 -0.275327 1.000000 0.203998 -0.317029 0.000000 0.000000 0.000000
0.506597 -0.278504 1.000000 0.202002 -0.318304 0.000000 0.000000 0.000000
0.508607 -0.281693 1.000000 0.199998 -0.319567 0.000000 0.000000 0.000000
0.510597 -0.284895 1.000000 0.197986 -0.320817 0.000000 0.000000 0.000000
0.512566 -0.288109 1.000000 0.195967 -0.322055 0.000000 0.000000 0.000000
0.514516 -0.291336 1.000000 0.193939 -0.323280 0.000000 0.000000 0.000000
0.516445 -0.294575 1.000000 0.191904 -0.324492 0.000000 0.000000 0.000000
0.518354 -0.297826 1.000000 0.189862 -0.325691 0.000000 0.000000 0.000000
0.520242 -0.301089 1.000000 0.187811 -0.326878 0.000000 0.000000 0.000000
0.522110 -0.304363 1.000000 0.185754 -0.328051 0.000000 0.000000 0.000000
0.523957 -0.307650 1.000000 0.183689 -0.329212 0.000000 0.000000 0.000000
0.525784 -0.310948 1.000000 0.181617 -0.330360 0.000000 0.000000 0.000000
0.527590 -0.314257 1.000000 0.179538 -0.331494 0.000000 0.000000 0.000000
0.529375 -0.317578 1.000000 0.177451 -0.332616 0.000000 0.000000 0.000000
0.531139 -0.320909 1.000000 0.175358 -0.333724 0.000000 0.000000 0.000000
0.532882 -0.324252 1.000000 0.173258 -0.334820 0.000000 0.000000 0.000000
0.534604 -0.327606 1.000000 0.171150 -0.335902 0.000000 0.000000 0.000000
0.536305 -0.330970 1.000000 0.169037 -0.336970 0.000000 0.000000 0.000000
0.537985 -0.334345 1.000000 0.166916 -0.338026 0.000000 0.000000 0.000000
0.539643 -0.337730 1.000000 0.164789 -0.339068 0.000000 0.000000 0.000000
0.541280 -0.341126 1.000000 0.162655 -0.340096 0.000000 0.000000 0.000000
0.542896 -0.344532 1.000000 0.160515 -0.341112 0.000000 0.000000 0.000000
0.544491 -0.347948 1.000000 0.158369 -0.342114 0.000000 0.000000 0.000000
0.546064 -0.351375 1.000000 0.156216 -0.343102 0.000000 0.000000 0.000000
0.547615 -0.354810 1.000000 0.154057 -0.344077 0.000000 0.000000 0.000000
0.549145 -0.358256 1.000000 0.151892 -0.345038 0.000000 0.000000 0.000000
0.550653 -0.361711 1.000000 0.149721 -0.345985 0.000000 0.000000 0.000000
0.552139 -0.365176 1.000000 0.147544 -0.346919 0.000000 0.000000 0.000000
0.553604 -0.368649 1.000000 0.145362 -0.347839 0.000000 0.000000 0.000000
0.555046 -0.372132 1.000000 0.143173 -0.348746 0.000000 0.000000 0.000000
0.556467 -0.375624 1.000000 0.140979 -0.349639 0.000000 0.000000 0.000000
0.557866 -0.379125 1.000000 0.138780 -0.350517 0.000000 0.000000 0.000000
0.559243 -0.382635 1.000000 0.136575 -0.351382 0.000000 0.000000 0.000000
0.560597 -0.386153 1.000000 0.134364 -0.352234 0.000000 0.000000 0.000000
0.561930 -0.389679 1.000000 0.132148 -0.353071 0.000000 0.000000 0.000000
0.563240 -0.393214 1.000000 0.129927 -0.353894 0.000000 0.000000 0.000000
0.564528 -0.396757 1.000000 0.127701 -0.354704 0.000000 0.000000 0.000000
0.565794 -0.400308 1.000000 0.125470 -0.355499 0.000000 0.000000 0.000000
0.567038 -0.403867 1.000000 0.123234 -0.356280 0.000000 0.000000 0.000000
0.568259 -0.407434 1.000000 0.120993 -0.357048 0.000000 0.000000 0.000000
0.569458 -0.411008 1.000000 0.118747 -0.357801 0.000000 0.000000 0.000000
0.570634 -0.414590 1.000000 0.116497 -0.358540 0.000000 0.000000 0.000000
0.571788 -0.418179 1.000000 0.114242 -0.359265 0.000000 0.000000 0.000000
0.572919 -0.421775 1.000000 0.111982 -0.359975 0.000000 0.000000 0.000000
0.574027 -0.425378 1.000000 0.109718 -0.360672 0.000000 0.000000 0.000000
0.575113 -0.428988 1.000000 0.107450 -0.361354 0.000000 0.000000 0.000000
0.576176 -0.432605 1.000000 0.105177 -0.362022 0.000000 0.000000 0.000000
0.577217 -0.436229 1.000000 0.102901 -0.362676 0.000000 0.000000 0.000000
0.578234 -0.439859 1.000000 0.100620 -0.363315 0.000000 0.000000 0.000000
0.579229 -0.443495 1.000000 0.098335 -0.363940 0.000000 0.000000 0.000000
0.580201 -0.447137 1.000000 0.096046 -0.364551 0.000000 0.000000 0.000000
0.581150 -0.450786 1.000000 0.093754 -0.365147 0.000000 0.000000 0.000000
0.582076 -0.454440 1.000000 0.091458 -0.365729 0.000000 0.000000 0.000000
0.582979 -0.458100 1.000000 0.089158 -0.366297 0.000000 0.000000 0.000000
0.583859 -0.461766 1.000000 0.086855 -0.366849 0.000000 0.000000 0.000000
0.584716 -0.465437 1.000000 0.084548 -0.367388 0.000000 0.000000 0.000000
0.585550 -0.469114 1.000000 0.082238 -0.367912 0.000000 0.000000 0.000000
0.586361 -0.472796 1.000000 0.079925 -0.368421 0.000000 0.000000 0.000000
0.587149 -0.476482 1.000000 0.077608 -0.368916 0.000000 0.000000 0.000000
0.587913 -0.480174 1.000000 0.075289 -0.369397 0.000000 0.000000 0.000000
0.588654 -0.483870 1.000000 0.072967 -0.369862 0.000000 0.000000 0.000000
0.589372 -0.487571 1.000000 0.070641 -0.370314 0.000000 0.000000 0.000000
0.590067 -0.491276 1.000000 0.068313 -0.370750 0.000000 0.000000 0.000000
0.590739 -0.494986 1.000000 0.065982 -0.371172 0.000000 0.000000 0.000000
0.591387 -0.498700 1.000000 0.063649 -0.371579 0.000000 0.000000 0.000000
0.592012 -0.502418 1.000000 0.061313 -0.371972 0.000000 0.000000 0.000000
0.592613 -0.506139 1.000000 0.058974 -0.372350 0.000000 0.000000 0.000000
0.593191 -0.509865 1.000000 0.056634 -0.372713 0.000000 0.000000 0.000000
0.593746 -0.513593 1.000000 0.054291 -0.373061 0.000000 0.000000 0.000000
0.594277 -0.517326 1.000000 0.051946 -0.373395 0.000000 0.000000 0.000000
0.594785 -0.521061 1.000000 0.049599 -0.373714 0.000000 0.000000 0.000000
0.595269 -0.524800 1.000000 0.047250 -0.374018 0.000000 0.000000 0.000000
0.595730 -0.528542 1.000000 0.044899 -0.374308 0.000000 0.000000 0.000000
0.596167 -0.532286 1.000000 0.042546 -0.374583 0.000000 0.000000 0.000000
0.596580 -0.536033 1.000000 0.040192 -0.374843 0.000000 0.000000 0.000000
0.596971 -0.539783 1.000000 0.037836 -0.375088 0.000000 0.000000 0.000000
0.597337 -0.543535 1.000000 0.035478 -0.375318 0.000000 0.000000 0.000000
0.597680 -0.547289 1.000000 0.033119 -0.375534 0.000000 0.000000 0.000000
0.598000 -0.551045 1.000000 0.030759 -0.375734 0.000000 0.000000 0.000000
0.598295 -0.554804 1.000000 0.028398 -0.375920 0.000000 0.000000 0.000000
0.598567 -0.558564 1.000000 0.026035 -0.376091 0.000000 0.000000 0.000000
0.598816 -0.562326 1.000000 0.023672 -0.376247 0.000000 0.000000 0.000000
0.599041 -0.566089 1.000000 0.021307 -0.376389 0.000000 0.000000 0.000000
0.599242 -0.569853 1.000000 0.018942 -0.376515 0.000000 0.000000 0.000000
0.599420 -0.573619 1.000000 0.016576 -0.376627 0.000000 0.000000 0.000000
0.599574 -0.577386 1.000000 0.014209 -0.376723 0.000000 0.000000 0.000000
0.599704 -0.581153 1.000000 0.011842 -0.376805 0.000000 0.000000 0.000000
0.599811 -0.584922 1.000000 0.009474 -0.376872 0.000000 0.000000 0.000000
0.599893 -0.588691 1.000000 0.007106 -0.376924 0.000000 0.000000 0.000000
0.599953 -0.592460 1.000000 0.004737 -0.376961 0.000000 0.000000 0.000000
0.599988 -0.596230 1.000000 0.002369 -0.376984 0.000000 0.000000 0.000000
0.600000 -0.600000 1.000000 0.000000 -0.376991 0.000000 0.000000 0.000000
0.599988 -0.603770 1.000000 -0.002369 -0.376984 0.000000 0.000000 0.000000
0.599953 -0.607539 1.000000 -0.004737 -0.376961 0.000000 0.000000 0.000000
0.599893 -0.611309 1.000000 -0.007106 -0.376924 0.000000 0.000000 0.000000
0.599811 -0.615078 1.000000 -0.009474 -0.376872 0.000000 0.000000 0.000000
0.599704 -0.618846 1.000000 -0.011841 -0.376805 0.000000 0.000000 0.000000
0.599574 -0.622614 1.000000 -0.014209 -0.376723 0.000000 0.000000 0.000000
0.599420 -0.626381 1.000000 -0.016575 -0.376627 0.000000 0.000000 0.000000
0.599242 -0.630146 1.000000 -0.018942 -0.376515 0.000000 0.000000 0.000000
0.599041 -0.633911 1.000000 -0.021307 -0.376389 0.000000 0.000000 0.000000
0.598816 -0.637674 1.000000 -0.023671 -0.376247 0.000000 0.000000 0.000000
0.598568 -0.641436 1.000000 -0.026035 -0.376091 0.000000 0.000000 0.000000
0.598295 -0.645196 1.000000 -0.028397 -0.375920 0.000000 0.000000 0.000000
0.598000 -0.648954 1.000000 -0.030759 -0.375734 0.000000 0.000000 0.000000
0.597680 -0.652711 1.000000 -0.033119 -0.375534 0.000000 0.000000 0.000000
0.597337 -0.656465 1.000000 -0.035478 -0.375318 0.000000 0.000000 0.000000
0.596971 -0.660217 1.000000 -0.037835 -0.375088 0.000000 0.000000 0.000000
0.596580 -0.663967 1.000000 -0.040191 -0.374843 0.000000 0.000000 0.000000
0.596167 -0.667714 1.000000 -0.042546 -0.374583 0.000000 0.000000 0.000000
0.595730 -0.671458 1.000000 -0.044898 -0.374308 0.000000 0.000000 0.000000
0.595269 -0.675200 1.000000 -0.047249 -0.374018 0.000000 0.000000 0.000000
0.594785 -0.678938 1.000000 -0.049599 -0.373714 0.000000 0.000000 0.000000
0.594277 -0.682674 1.000000 -0.051946 -0.373395 0.000000 0.000000 0.000000
0.593746 -0.686406 1.000000 -0.054291 -0.373061 0.000000 0.000000 0.000000
0.593191 -0.690135 1.000000 -0.056634 -0.372713 0.000000 0.000000 0.000000
0.592613 -0.693861 1.000000 -0.058974 -0.372350 0.000000 0.000000 0.000000
0.592012 -0.697582 1.000000 -0.061313 -0.371972 0.000000 0.000000 0.000000
0.591387 -0.701300 1.000000 -0.063649 -0.371579 0.000000 0.000000 0.000000
0.590739 -0.705014 1.000000 -0.065982 -0.371172 0.000000 0.000000 0.000000
0.590067 -0.708723 1.000000 -0.068313 -0.370750 0.000000 0.000000 0.000000
0.589372 -0.712429 1.000000 -0.070641 -0.370314 0.000000 0.000000 0.000000
0.588654 -0.716130 1.000000 -0.072966 -0.369862 0.000000 0.000000 0.000000
0.587913 -0.719826 1.000000 -0.075289 -0.369397 0.000000 0.000000 0.000000
0.587149 -0.723517 1.000000 -0.077608 -0.368916 0.000000 0.000000 0.000000
0.586361 -0.727204 1.000000 -0.079925 -0.368421 0.000000 0.000000 0.000000
0.585550 -0.730886 1.000000 -0.082238 -0.367912 0.000000 0.000000 0.000000
0.584716 -0.734562 1.000000 -0.084548 -0.367388 0.000000 0.000000 0.000000
0.583859 -0.738234 1.000000 -0.086855 -0.366850 0.000000 0.000000 0.000000
0.582979 -0.741899 1.000000 -0.089158 -0.366297 0.000000 0.000000 0.000000
0.582076 -0.745559 1.000000 -0.091458 -0.365729 0.000000 0.000000 0.000000
0.581150 -0.749214 1.000000 -0.093754 -0.365147 0.000000 0.000000 0.000000
0.580201 -0.752862 1.000000 -0.096046 -0.364551 0.000000 0.000000 0.000000
0.579229 -0.756505 1.000000 -0.098335 -0.363940 0.000000 0.000000 0.000000
0.578234 -0.760141 1.000000 -0.100620 -0.363315 0.000000 0.000000 0.000000
0.577217 -0.763771 1.000000 -0.102900 -0.362676 0.000000 0.000000 0.000000
0.576176 -0.767395 1.000000 -0.105177 -0.362022 0.000000 0.000000 0.000000
0.575113 -0.771011 1.000000 -0.107450 -0.361354 0.000000 0.000000 0.000000
0.574027 -0.774622 1.000000 -0.109718 -0.360672 0.000000 0.000000 0.000000
0.572919 -0.778225 1.000000 -0.111982 -0.359975 0.000000 0.000000 0.000000
0.571788 -0.781821 1.000000 -0.114242 -0.359265 0.000000 0.000000 0.000000
0.570634 -0.785410 1.000000 -0.116497 -0.358540 0.000000 0.000000 0.000000
0.569458 -0.788992 1.000000 -0.118747 -0.357801 0.000000 0.000000 0.000000
0.568259 -0.792566 1.000000 -0.120993 -0.357048 0.000000 0.000000 0.000000
0.567038 -0.796133 1.000000 -0.123234 -0.356280 0.000000 0.000000 0.000000
0.565794 -0.799692 1.000000 -0.125470 -0.355499 0.000000 0.000000 0.000000
0.564529 -0.803243 1.000000 -0.127701 -0.354704 0.000000 0.000000 0.000000
0.563240 -0.806786 1.000000 -0.129927 -0.353894 0.000000 0.000000 0.000000
0.561930 -0.810320 1.000000 -0.132148 -0.353071 0.000000 0.000000 0.000000
0.560597 -0.813847 1.000000 -0.134364 -0.352234 0.000000 0.000000 0.000000
0.559243 -0.817365 1.000000 -0.136575 -0.351383 0.000000 0.000000 0.000000
0.557866 -0.820875 1.000000 -0.138780 -0.350518 0.000000 0.000000 0.000000
0.556467 -0.824375 1.000000 -0.140979 -0.349639 0.000000 0.000000 0.000000
0.555046 -0.827867 1.000000 -0.143173 -0.348746 0.000000 0.000000 0.000000
0.553604 -0.831350 1.000000 -0.145362 -0.347839 0.000000 0.000000 0.000000
0.552139 -0.834824 1.000000 -0.147544 -0.346919 0.000000 0.000000 0.000000
0.550653 -0.838289 1.000000 -0.149721 -0.345985 0.000000 0.000000 0.000000
0.549145 -0.841744 1.000000 -0.151892 -0.345038 0.000000 0.000000 0.000000
0.547615 -0.845189 1.000000 -0.154057 -0.344077 0.000000 0.000000 0.000000
0.546064 -0.848625 1.000000 -0.156216 -0.343102 0.000000 0.000000 0.000000
0.544491 -0.852051 1.000000 -0.158369 -0.342114 0.000000 0.000000 0.000000
0.542896 -0.855467 1.000000 -0.160515 -0.341112 0.000000 0.000000 0.000000
0.541280 -0.858873 1.000000 -0.162655 -0.340097 0.000000 0.000000 0.000000
0.539643 -0.862269 1.000000 -0.164789 -0.339068 0.000000 0.000000 0.000000
0.537985 -0.865655 1.000000 -0.166916 -0.338026 0.000000 0.000000 0.000000
0.536305 -0.869030 1.000000 -0.169036 -0.336970 0.000000 0.000000 0.000000
0.534604 -0.872394 1.000000 -0.171150 -0.335902 0.000000 0.000000 0.000000
0.532882 -0.875748 1.000000 -0.173257 -0.334820 0.000000 0.000000 0.000000
0.531139 -0.879091 1.000000 -0.175358 -0.333724 0.000000 0.000000 0.000000
0.529375 -0.882422 1.000000 -0.177451 -0.332616 0.000000 0.000000 0.000000
0.527590 -0.885743 1.000000 -0.179537 -0.331494 0.000000 0.000000 0.000000
0.525784 -0.889052 1.000000 -0.181617 -0.330360 0.000000 0.000000 0.000000
0.523958 -0.892350 1.000000 -0.183689 -0.329212 0.000000 0.000000 0.000000
0.522110 -0.895636 1.000000 -0.185754 -0.328052 0.000000 0.000000 0.000000
0.520242 -0.898911 1.000000 -0.187811 -0.326878 0.000000 0.000000 0.000000
0.518354 -0.902174 1.000000 -0.189861 -0.325691 0.000000 0.000000 0.000000
0.516445 -0.905425 1.000000 -0.191904 -0.324492 0.000000 0.000000 0.000000
0.514516 -0.908664 1.000000 -0.193939 -0.323280 0.000000 0.000000 0.000000
0.512567 -0.911890 1.000000 -0.195966 -0.322055 0.000000 0.000000 0.000000
0.510597 -0.915105 1.000000 -0.197986 -0.320817 0.000000 0.000000 0.000000
0.508607 -0.918307 1.000000 -0.199998 -0.319567 0.000000 0.000000 0.000000
0.506597 -0.921496 1.000000 -0.202002 -0.318304 0.000000 0.000000 0.000000
0.504567 -0.924673 1.000000 -0.203998 -0.317029 0.000000 0.000000 0.000000
0.502517 -0.927836 1.000000 -0.205986 -0.315741 0.000000 0.000000 0.000000
0.500447 -0.930987 1.000000 -0.207966 -0.314440 0.000000 0.000000 0.000000
0.498358 -0.934125 1.000000 -0.209937 -0.313127 0.000000 0.000000 0.000000
0.496248 -0.937250 1.000000 -0.211900 -0.311802 0.000000 0.000000 0.000000
0.494120 -0.940361 1.000000 -0.213855 -0.310465 0.000000 0.000000 0.000000
0.491971 -0.943459 1.000000 -0.215802 -0.309115 0.000000 0.000000 0.000000
0.489804 -0.946543 1.000000 -0.217740 -0.307753 0.000000 0.000000 0.000000
0.487617 -0.949614 1.000000 -0.219669 -0.306379 0.000000 0.000000 0.000000
0.485410 -0.952671 1.000000 -0.221590 -0.304992 0.000000 0.000000 0.000000
0.483185 -0.955714 1.000000 -0.223502 -0.303594 0.000000 0.000000 0.000000
0.480940 -0.958743 1.000000 -0.225405 -0.302184 0.000000 0.000000 0.000000
0.478677 -0.961758 1.000000 -0.227299 -0.300761 0.000000 0.000000 0.000000
0.476394 -0.964758 1.000000 -0.229184 -0.299327 0.000000 0.000000 0.000000
0.474093 -0.967744 1.000000 -0.231060 -0.297881 0.000000 0.000000 0.000000
0.471773 -0.970716 1.000000 -0.232928 -0.296424 0.000000 0.000000 0.000000
0.469435 -0.973673 1.000000 -0.234785 -0.294954 0.000000 0.000000 0.000000
0.467077 -0.976615 1.000000 -0.236634 -0.293473 0.000000 0.000000 0.000000
0.464702 -0.979542 1.000000 -0.238473 -0.291981 0.000000 0.000000 0.000000
0.462308 -0.982454 1.000000 -0.240303 -0.290477 0.000000 0.000000 0.000000
0.459896 -0.985351 1.000000 -0.242123 -0.288961 0.000000 0.000000 0.000000
0.457466 -0.988233 1.000000 -0.243934 -0.287434 0.000000 0.000000 0.000000
0.455017 -0.991100 1.000000 -0.245735 -0.285896 0.000000 0.000000 0.000000
0.452551 -0.993951 1.000000 -0.247527 -0.284346 0.000000 0.000000 0.000000
0.450067 -0.996787 1.000000 -0.249309 -0.282785 0.000000 0.000000 0.000000
0.447565 -0.999607 1.000000 -0.251080 -0.281213 0.000000 0.000000 0.000000
0.445045 -1.002411 1.000000 -0.252842 -0.279630 0.000000 0.000000 0.000000
0.442508 -1.005200 1.000000 -0.254594 -0.278036 0.000000 0.000000 0.000000
0.439953 -1.007972 1.000000 -0.256336 -0.276431 0.000000 0.000000 0.000000
0.437381 -1.010728 1.000000 -0.258068 -0.274815 0.000000 0.000000 0.000000
0.434792 -1.013468 1.000000 -0.259790 -0.273188 0.000000 0.000000 0.000000
0.432186 -1.016192 1.000000 -0.261501 -0.271550 0.000000 0.000000 0.000000
0.429562 -1.018899 1.000000 -0.263202 -0.269902 0.000000 0.000000 0.000000
0.426922 -1.021590 1.000000 -0.264893 -0.268243 0.000000 0.000000 0.000000
0.424264 -1.024264 1.000000 -0.266573 -0.266573 0.000000 0.000000 0.000000
0.421590 -1.026921 1.000000 -0.268243 -0.264893 0.000000 0.000000 0.000000
0.418899 -1.029562 1.000000 -0.269902 -0.263202 0.000000 0.000000 0.000000
0.416192 -1.032185 1.000000 -0.271550 -0.261501 0.000000 0.000000 0.000000
0.413468 -1.034792 1.000000 -0.273188 -0.259790 0.000000 0.000000 0.000000
0.410728 -1.037381 1.000000 -0.274815 -0.258068 0.000000 0.000000 0.000000
0.407972 -1.039953 1.000000 -0.276431 -0.256336 0.000000 0.000000 0.000000
0.405200 -1.042508 1.000000 -0.278036 -0.254595 0.000000 0.000000 0.000000
0.402411 -1.045045 1.000000 -0.279630 -0.252843 0.000000 0.000000 0.000000
0.399607 -1.047565 1.000000 -0.281213 -0.251081 0.000000 0.000000 0.000000
0.396787 -1.050067 1.000000 -0.282785 -0.249309 0.000000 0.000000 0.000000
0.393952 -1.052551 1.000000 -0.284346 -0.247527 0.000000 0.000000 0.000000
0.391100 -1.055017 1.000000 -0.285896 -0.245736 0.000000 0.000000 0.000000
0.388234 -1.057465 1.000000 -0.287434 -0.243934 0.000000 0.000000 0.000000
0.385352 -1.059896 1.000000 -0.288961 -0.242124 0.000000 0.000000 0.000000
0.382455 -1.062308 1.000000 -0.290477 -0.240303 0.000000 0.000000 0.000000
0.379542 -1.064702 1.000000 -0.291981 -0.238473 0.000000 0.000000 0.000000
0.376615 -1.067077 1.000000 -0.293473 -0.236634 0.000000 0.000000 0.000000
0.373673 -1.069434 1.000000 -0.294954 -0.234786 0.000000 0.000000 0.000000
0.370716 -1.071773 1.000000 -0.296424 -0.232928 0.000000 0.000000 0.000000
0.367744 -1.074093 1.000000 -0.297881 -0.231061 0.000000 0.000000 0.000000
0.364758 -1.076394 1.000000 -0.299327 -0.229184 0.000000 0.000000 0.000000
0.361758 -1.078677 1.000000 -0.300761 -0.227299 0.000000 0.000000 0.000000
0.358743 -1.080940 1.000000 -0.302184 -0.225405 0.000000 0.000000 0.000000
0.355714 -1.083185 1.000000 -0.303594 -0.223502 0.000000 0.000000 0.000000
0.352671 -1.085410 1.000000 -0.304992 -0.221590 0.000000 0.000000 0.000000
0.349614 -1.087616 1.000000 -0.306378 -0.219669 0.000000 0.000000 0.000000
0.346544 -1.089803 1.000000 -0.307753 -0.217740 0.000000 0.000000 0.000000
0.343459 -1.091971 1.000000 -0.309115 -0.215802 0.000000 0.000000 0.000000
0.340361 -1.094119 1.000000 -0.310464 -0.213855 0.000000 0.000000 0.000000
0.337250 -1.096248 1.000000 -0.311802 -0.211901 0.000000 0.000000 0.000000
0.334125 -1.098357 1.000000 -0.313127 -0.209937 0.000000 0.000000 0.000000
0.330988 -1.100447 1.000000 -0.314440 -0.207966 0.000000 0.000000 0.000000
0.327837 -1.102517 1.000000 -0.315741 -0.205986 0.000000 0.000000 0.000000
0.324673 -1.104567 1.000000 -0.317029 -0.203998 0.000000 0.000000 0.000000
0.321496 -1.106597 1.000000 -0.318304 -0.202002 0.000000 0.000000 0.000000
0.318307 -1.108607 1.000000 -0.319567 -0.199998 0.000000 0.000000 0.000000
0.315105 -1.110597 1.000000 -0.320817 -0.197986 0.000000 0.000000 0.000000
0.311891 -1.112566 1.000000 -0.322055 -0.195967 0.000000 0.000000 0.000000
0.308664 -1.114516 1.000000 -0.323280 -0.193939 0.000000 0.000000 0.000000
0.305425 -1.116445 1.000000 -0.324492 -0.191904 0.000000 0.000000 0.000000
0.302174 -1.118354 1.000000 -0.325691 -0.189862 0.000000 0.000000 0.000000
0.298911 -1.120242 1.000000 -0.326878 -0.187811 0.000000 0.000000 0.000000
0.295637 -1.122110 1.000000 -0.328051 -0.185754 0.000000 0.000000 0.000000
0.292350 -1.123957 1.000000 -0.329212 -0.183689 0.000000 0.000000 0.000000
0.289052 -1.125784 1.000000 -0.330360 -0.181617 0.000000 0.000000 0.000000
0.285743 -1.127590 1.000000 -0.331494 -0.179538 0.000000 0.000000 0.000000
0.282422 -1.129375 1.000000 -0.332616 -0.177451 0.000000 0.000000 0.000000
0.279091 -1.131139 1.000000 -0.333724 -0.175358 0.000000 0.000000 0.000000
0.275748 -1.132882 1.000000 -0.334820 -0.173258 0.000000 0.000000 0.000000
0.272394 -1.134604 1.000000 -0.335901 -0.171150 0.000000 0.000000 0.000000
0.269030 -1.136305 1.000000 -0.336970 -0.169037 0.000000 0.000000 0.000000
0.265655 -1.137985 1.000000 -0.338026 -0.166916 0.000000 0.000000 0.000000
0.262270 -1.139643 1.000000 -0.339068 -0.164789 0.000000 0.000000 0.000000
0.258874 -1.141280 1.000000 -0.340096 -0.162655 0.000000 0.000000 0.000000
0.255468 -1.142896 1.000000 -0.341112 -0.160515 0.000000 0.000000 0.000000
0.252052 -1.144491 1.000000 -0.342114 -0.158369 0.000000 0.000000 0.000000
0.248625 -1.146064 1.000000 -0.343102 -0.156216 0.000000 0.000000 0.000000
0.245190 -1.147615 1.000000 -0.344077 -0.154057 0.000000 0.000000 0.000000
0.241744 -1.149145 1.000000 -0.345038 -0.151892 0.000000 0.000000 0.000000
0.238289 -1.150653 1.000000 -0.345985 -0.149721 0.000000 0.000000 0.000000
0.234824 -1.152139 1.000000 -0.346919 -0.147544 0.000000 0.000000 0.000000
0.231351 -1.153604 1.000000 -0.347839 -0.145362 0.000000 0.000000 0.000000
0.227868 -1.155046 1.000000 -0.348746 -0.143173 0.000000 0.000000 0.000000
0.224376 -1.156467 1.000000 -0.349639 -0.140979 0.000000 0.000000 0.000000
0.220875 -1.157866 1.000000 -0.350517 -0.138780 0.000000 0.000000 0.000000
0.217365 -1.159243 1.000000 -0.351382 -0.136575 0.000000 0.000000 0.000000
0.213847 -1.160597 1.000000 -0.352234 -0.134364 0.000000 0.000000 0.000000
0.210321 -1.161930 1.000000 -0.353071 -0.132148 0.000000 0.000000 0.000000
0.206786 -1.163240 1.000000 -0.353894 -0.129927 0.000000 0.000000 0.000000
0.203243 -1.164528 1.000000 -0.354704 -0.127701 0.000000 0.000000 0.000000
0.199692 -1.165794 1.000000 -0.355499 -0.125470 0.000000 0.000000 0.000000
0.196133 -1.167038 1.000000 -0.356280 -0.123234 0.000000 0.000000 0.000000
0.192566 -1.168259 1.000000 -0.357048 -0.120993 0.000000 0.000000 0.000000
0.188992 -1.169458 1.000000 -0.357801 -0.118747 0.000000 0.000000 0.000000
0.185410 -1.170634 1.000000 -0.358540 -0.116497 0.000000 0.000000 0.000000
0.181821 -1.171788 1.000000 -0.359265 -0.114242 0.000000 0.000000 0.000000
0.178225 -1.172919 1.000000 -0.359975 -0.111982 0.000000 0.000000 0.000000
0.174622 -1.174027 1.000000 -0.360672 -0.109718 0.000000 0.000000 0.000000
0.171012 -1.175113 1.000000 -0.361354 -0.107450 0.000000 0.000000 0.000000
0.167395 -1.176176 1.000000 -0.362022 -0.105177 0.000000 0.000000 0.000000
0.163771 -1.177217 1.000000 -0.362676 -0.102901 0.000000 0.000000 0.000000
0.160141 -1.178234 1.000000 -0.363315 -0.100620 0.000000 0.000000 0.000000
0.156505 -1.179229 1.000000 -0.363940 -0.098335 0.000000 0.000000 0.000000
0.152863 -1.180201 1.000000 -0.364551 -0.096046 0.000000 0.000000 0.000000
0.149214 -1.181150 1.000000 -0.365147 -0.093754 0.000000 0.000000 0.000000
0.145560 -1.182076 1.000000 -0.365729 -0.091458 0.000000 0.000000 0.000000
0.141900 -1.182979 1.000000 -0.366297 -0.089158 0.000000 0.000000 0.000000
0.138234 -1.183859 1.000000 -0.366849 -0.086855 0.000000 0.000000 0.000000
0.134563 -1.184716 1.000000 -0.367388 -0.084548 0.000000 0.000000 0.000000
0.130886 -1.185550 1.000000 -0.367912 -0.082238 0.000000 0.000000 0.000000
0.127204 -1.186361 1.000000 -0.368421 -0.079925 0.000000 0.000000 0.000000
0.123518 -1.187149 1.000000 -0.368916 -0.077608 0.000000 0.000000 0.000000
0.119826 -1.187913 1.000000 -0.369397 -0.075289 0.000000 0.000000 0.000000
0.116130 -1.188654 1.000000 -0.369862 -0.072967 0.000000 0.000000 0.000000
0.112429 -1.189372 1.000000 -0.370314 -0.070641 0.000000 0.000000 0.000000
0.108724 -1.190067 1.000000 -0.370750 -0.068313 0.000000 0.000000 0.000000
0.105014 -1.190739 1.000000 -0.371172 -0.065982 0.000000 0.000000 0.000000
0.101300 -1.191387 1.000000 -0.371579 -0.063649 0.000000 0.000000 0.000000
0.097582 -1.192012 1.000000 -0.371972 -0.061313 0.000000 0.000000 0.000000
0.093861 -1.192613 1.000000 -0.372350 -0.058975 0.000000 0.000000 0.000000
0.090136 -1.193191 1.000000 -0.372713 -0.056634 0.000000 0.000000 0.000000
0.086407 -1.193746 1.000000 -0.373061 -0.054291 0.000000 0.000000 0.000000
0.082674 -1.194277 1.000000 -0.373395 -0.051946 0.000000 0.000000 0.000000
0.078939 -1.194785 1.000000 -0.373714 -0.049599 0.000000 0.000000 0.000000
0.075200 -1.195269 1.000000 -0.374018 -0.047250 0.000000 0.000000 0.000000
0.071458 -1.195730 1.000000 -0.374308 -0.044899 0.000000 0.000000 0.000000
0.067714 -1.196167 1.000000 -0.374583 -0.042546 0.000000 0.000000 0.000000
0.063967 -1.196580 1.000000 -0.374843 -0.040192 0.000000 0.000000 0.000000
0.060217 -1.196971 1.000000 -0.375088 -0.037836 0.000000 0.000000 0.000000
0.056465 -1.197337 1.000000 -0.375318 -0.035478 0.000000 0.000000 0.000000
0.052711 -1.197680 1.000000 -0.375534 -0.033119 0.000000 0.000000 0.000000
0.048955 -1.198000 1.000000 -0.375734 -0.030759 0.000000 0.000000 0.000000
0.045196 -1.198295 1.000000 -0.375920 -0.028398 0.000000 0.000000 0.000000
0.041436 -1.198567 1.000000 -0.376091 -0.026035 0.000000 0.000000 0.000000
0.037674 -1.198816 1.000000 -0.376247 -0.023672 0.000000 0.000000 0.000000
0.033911 -1.199041 1.000000 -0.376389 -0.021307 0.000000 0.000000 0.000000
0.030147 -1.199242 1.000000 -0.376515 -0.018942 0.000000 0.000000 0.000000
0.026381 -1.199420 1.000000 -0.376627 -0.016576 0.000000 0.000000 0.000000
0.022614 -1.199574 1.000000 -0.376723 -0.014209 0.000000 0.000000 0.000000
0.018847 -1.199704 1.000000 -0.376805 -0.011842 0.000000 0.000000 0.000000
0.015078 -1.199811 1.000000 -0.376872 -0.009474 0.000000 0.000000 0.000000
0.011309 -1.199893 1.000000 -0.376924 -0.007106 0.000000 0.000000 0.000000
0.007540 -1.199953 1.000000 -0.376961 -0.004737 0.000000 0.000000 0.000000
0.003770 -1.199988 1.000000 -0.376984 -0.002369 0.000000 0.000000 0.000000
0.000000 -1.200000 1.000000 -0.376991 -0.000000 0.000000 0.000000 0.000000
-0.003770 -1.199988 1.000000 -0.376984 0.002369 0.000000 0.000000 0.000000
-0.007539 -1.199953 1.000000 -0.376961 0.004737 0.000000 0.000000 0.000000
-0.011309 -1.199893 1.000000 -0.376924 0.007106 0.000000 0.000000 0.000000
-0.015078 -1.199811 1.000000 -0.376872 0.009474 0.000000 0.000000 0.000000
-0.018846 -1.199704 1.000000 -0.376805 0.011841 0.000000 0.000000 0.000000
-0.022614 -1.199574 1.000000 -0.376723 0.014209 0.000000 0.000000 0.000000
-0.026381 -1.199420 1.000000 -0.376627 0.016575 0.000000 0.000000 0.000000
-0.030146 -1.199242 1.000000 -0.376515 0.018942 0.000000 0.000000 0.000000
-0.033911 -1.199041 1.000000 -0.376389 0.021307 0.000000 0.000000 0.000000
-0.037674 -1.198816 1.000000 -0.376247 0.023671 0.000000 0.000000 0.000000
-0.041436 -1.198568 1.000000 -0.376091 0.026035 0.000000 0.000000 0.000000
-0.045196 -1.198295 1.000000 -0.375920 0.028397 0.000000 0.000000 0.000000
-0.048954 -1.198000 1.000000 -0.375734 0.030759 0.000000 0.000000 0.000000
-0.052711 -1.197680 1.000000 -0.375534 0.033119 0.000000 0.000000 0.000000
-0.056465 -1.197337 1.000000 -0.375318 0.035478 0.000000 0.000000 0.000000
-0.060217 -1.196971 1.000000 -0.375088 0.037835 0.000000 0.000000 0.000000
-0.063967 -1.196580 1.000000 -0.374843 0.040191 0.000000 0.000000 0.000000
-0.067714 -1.196167 1.000000 -0.374583 0.042546 0.000000 0.000000 0.000000
-0.071458 -1.195730 1.000000 -0.374308 0.044898 0.000000 0.000000 0.000000
-0.075200 -1.195269 1.000000 -0.374018 0.047249 0.000000 0.000000 0.000000
-0.078938 -1.194785 1.000000 -0.373714 0.049598 0.000000 0.000000 0.000000
-0.082674 -1.194277 1.000000 -0.373395 0.051946 0.000000 0.000000 0.000000
-0.086406 -1.193746 1.000000 -0.373061 0.054291 0.000000 0.000000 0.000000
-0.090135 -1.193191 1.000000 -0.372713 0.056634 0.000000 0.000000 0.000000
-0.093861 -1.192613 1.000000 -0.372350 0.058974 0.000000 0.000000 0.000000
-0.097582 -1.192012 1.000000 -0.371972 0.061313 0.000000 0.000000 0.000000
-0.101300 -1.191387 1.000000 -0.371579 0.063649 0.000000 0.000000 0.000000
-0.105014 -1.190739 1.000000 -0.371172 0.065982 0.000000 0.000000 0.000000
-0.108723 -1.190067 1.000000 -0.370750 0.068313 0.000000 0.000000 0.000000
-0.112429 -1.189372 1.000000 -0.370314 0.070641 0.000000 0.000000 0.000000
-0.116130 -1.188654 1.000000 -0.369862 0.072966 0.000000 0.000000 0.000000
-0.119826 -1.187913 1.000000 -0.369397 0.075289 0.000000 0.000000 0.000000
-0.123517 -1.187149 1.000000 -0.368916 0.077608 0.000000 0.000000 0.000000
-0.127204 -1.186361 1.000000 -0.368421 0.079925 0.000000 0.000000 0.000000
-0.130886 -1.185550 1.000000 -0.367912 0.082238 0.000000 0.000000 0.000000
-0.134562 -1.184716 1.000000 -0.367388 0.084548 0.000000 0.000000 0.000000
-0.138233 -1.183859 1.000000 -0.366850 0.086855 0.000000 0.000000 0.000000
-0.141899 -1.182979 1.000000 -0.366297 0.089158 0.000000 0.000000 0.000000
-0.145559 -1.182076 1.000000 -0.365729 0.091458 0.000000 0.000000 0.000000
-0.149214 -1.181150 1.000000 -0.365147 0.093754 0.000000 0.000000 0.000000
-0.152862 -1.180201 1.000000 -0.364551 0.096046 0.000000 0.000000 0.000000
-0.156505 -1.179229 1.000000 -0.363940 0.098335 0.000000 0.000000 0.000000
-0.160141 -1.178234 1.000000 -0.363315 0.100620 0.000000 0.000000 0.000000
-0.163771 -1.177217 1.000000 -0.362676 0.102900 0.000000 0.000000 0.000000
-0.167395 -1.176176 1.000000 -0.362022 0.105177 0.000000 0.000000 0.000000
-0.171011 -1.175113 1.000000 -0.361354 0.107450 0.000000 0.000000 0.000000
-0.174622 -1.174027 1.000000 -0.360672 0.109718 0.000000 0.000000 0.000000
-0.178225 -1.172919 1.000000 -0.359975 0.111982 0.000000 0.000000 0.000000
-0.181821 -1.171788 1.000000 -0.359265 0.114242 0.000000 0.000000 0.000000
-0.185410 -1.170634 1.000000 -0.358540 0.116497 0.000000 0.000000 0.000000
-0.188992 -1.169458 1.000000 -0.357801 0.118747 0.000000 0.000000 0.000000
-0.192566 -1.168259 1.000000 -0.357048 0.120993 0.000000 0.000000 0.000000
-0.196133 -1.167038 1.000000 -0.356280 0.123234 0.000000 0.000000 0.000000
-0.199692 -1.165794 1.000000 -0.355499 0.125470 0.000000 0.000000 0.000000
-0.203243 -1.164529 1.000000 -0.354704 0.127701 0.000000 0.000000 0.000000
-0.206786 -1.163240 1.000000 -0.353894 0.129927 0.000000 0.000000 0.000000
-0.210320 -1.161930 1.000000 -0.353071 0.132148 0.000000 0.000000 0.000000
-0.213847 -1.160597 1.000000 -0.352234 0.134364 0.000000 0.000000 0.000000
-0.217365 -1.159243 1.000000 -0.351383 0.136574 0.000000 0.000000 0.000000
-0.220875 -1.157866 1.000000 -0.350518 0.138780 0.000000 0.000000 0.000000
-0.224375 -1.156467 1.000000 -0.349639 0.140979 0.000000 0.000000 0.000000
-0.227867 -1.155046 1.000000 -0.348746 0.143173 0.000000 0.000000 0.000000
-0.231350 -1.153604 1.000000 -0.347839 0.145362 0.000000 0.000000 0.000000
-0.234824 -1.152139 1.000000 -0.346919 0.147544 0.000000 0.000000 0.000000
-0.238289 -1.150653 1.000000 -0.345985 0.149721 0.000000 0.000000 0.000000
-0.241744 -1.149145 1.000000 -0.345038 0.151892 0.000000 0.000000 0.000000
-0.245189 -1.147615 1.000000 -0.344077 0.154057 0.000000 0.000000 0.000000
-0.248625 -1.146064 1.000000 -0.343102 0.156216 0.000000 0.000000 0.000000
-0.252051 -1.144491 1.000000 -0.342114 0.158368 0.000000 0.000000 0.000000
-0.255467 -1.142896 1.000000 -0.341112 0.160515 0.000000 0.000000 0.000000
-0.258873 -1.141280 1.000000 -0.340097 0.162655 0.000000 0.000000 0.000000
-0.262269 -1.139643 1.000000 -0.339068 0.164789 0.000000 0.000000 0.000000
-0.265655 -1.137985 1.000000 -0.338026 0.166916 0.000000 0.000000 0.000000
-0.269030 -1.136305 1.000000 -0.336970 0.169036 0.000000 0.000000 0.000000
-0.272394 -1.134604 1.000000 -0.335902 0.171150 0.000000 0.000000 0.000000
-0.275748 -1.132882 1.000000 -0.334820 0.173257 0.000000 0.000000 0.000000
-0.279091 -1.131139 1.000000 -0.333724 0.175358 0.000000 0.000000 0.000000
-0.282422 -1.129375 1.000000 -0.332616 0.177451 0.000000 0.000000 0.000000
-0.285743 -1.127590 1.000000 -0.331494 0.179537 0.000000 0.000000 0.000000
-0.289052 -1.125784 1.000000 -0.330360 0.181617 0.000000 0.000000 0.000000
-0.292350 -1.123958 1.000000 -0.329212 0.183689 0.000000 0.000000 0.000000
-0.295636 -1.122110 1.000000 -0.328052 0.185754 0.000000 0.000000 0.000000
-0.298911 -1.120243 1.000000 -0.326878 0.187811 0.000000 0.000000 0.000000
-0.302174 -1.118354 1.000000 -0.325692 0.189861 0.000000 0.000000 0.000000
-0.305425 -1.116445 1.000000 -0.324492 0.191904 0.000000 0.000000 0.000000
-0.308664 -1.114516 1.000000 -0.323280 0.193939 0.000000 0.000000 0.000000
-0.311890 -1.112567 1.000000 -0.322055 0.195966 0.000000 0.000000 0.000000
-0.315105 -1.110597 1.000000 -0.320817 0.197986 0.000000 0.000000 0.000000
-0.318307 -1.108607 1.000000 -0.319567 0.199998 0.000000 0.000000 0.000000
-0.321496 -1.106597 1.000000 -0.318304 0.202002 0.000000 0.000000 0.000000
-0.324673 -1.104567 1.000000 -0.317029 0.203998 0.000000 0.000000 0.000000
-0.327836 -1.102517 1.000000 -0.315741 0.205986 0.000000 0.000000 0.000000
-0.330987 -1.100447 1.000000 -0.314440 0.207966 0.000000 0.000000 0.000000
-0.334125 -1.098358 1.000000 -0.313127 0.209937 0.000000 0.000000 0.000000
-0.337250 -1.096248 1.000000 -0.311802 0.211900 0.000000 0.000000 0.000000
-0.340361 -1.094120 1.000000 -0.310465 0.213855 0.000000 0.000000 0.000000
-0.343459 -1.091971 1.000000 -0.309115 0.215802 0.000000 0.000000 0.000000
-0.346543 -1.089804 1.000000 -0.307753 0.217740 0.000000 0.000000 0.000000
-0.349614 -1.087617 1.000000 -0.306379 0.219669 0.000000 0.000000 0.000000
-0.352671 -1.085410 1.000000 -0.304992 0.221590 0.000000 0.000000 0.000000
-0.355714 -1.083185 1.000000 -0.303594 0.223502 0.000000 0.000000 0.000000
-0.358743 -1.080940 1.000000 -0.302184 0.225405 0.000000 0.000000 0.000000
-0.361758 -1.078677 1.000000 -0.300761 0.227299 0.000000 0.000000 0.000000
-0.364758 -1.076394 1.000000 -0.299327 0.229184 0.000000 0.000000 0.000000
-0.367744 -1.074093 1.000000 -0.297881 0.231060 0.000000 0.000000 0.000000
-0.370716 -1.071773 1.000000 -0.296424 0.232927 0.000000 0.000000 0.000000
-0.373673 -1.069435 1.000000 -0.294954 0.234785 0.000000 0.000000 0.000000
-0.376615 -1.067077 1.000000 -0.293473 0.236634 0.000000 0.000000 0.000000
-0.379542 -1.064702 1.000000 -0.291981 0.238473 0.000000 0.000000 0.000000
-0.382454 -1.062308 1.000000 -0.290477 0.240303 0.000000 0.000000 0.000000
-0.385351 -1.059896 1.000000 -0.288961 0.242123 0.000000 0.000000 0.000000
-0.388233 -1.057466 1.000000 -0.287434 0.243934 0.000000 0.000000 0.000000
-0.391100 -1.055017 1.000000 -0.285896 0.245735 0.000000 0.000000 0.000000
-0.393951 -1.052551 1.000000 -0.284346 0.247527 0.000000 0.000000 0.000000
-0.396787 -1.050067 1.000000 -0.282785 0.249309 0.000000 0.000000 0.000000
-0.399607 -1.047565 1.000000 -0.281213 0.251080 0.000000 0.000000 0.000000
-0.402411 -1.045045 1.000000 -0.279630 0.252842 0.000000 0.000000 0.000000
-0.405200 -1.042508 1.000000 -0.278036 0.254594 0.000000 0.000000 0.000000
-0.407972 -1.039953 1.000000 -0.276431 0.256336 0.000000 0.000000 0.000000
-0.410728 -1.037381 1.000000 -0.274815 0.258068 0.000000 0.000000 0.000000
-0.413468 -1.034792 1.000000 -0.273188 0.259790 0.000000 0.000000 0.000000
-0.416192 -1.032186 1.000000 -0.271550 0.261501 0.000000 0.000000 0.000000
-0.418899 -1.029562 1.000000 -0.269902 0.263202 0.000000 0.000000 0.000000
-0.421590 -1.026922 1.000000 -0.268243 0.264893 0.000000 0.000000 0.000000
-0.424264 -1.024264 1.000000 -0.266573 0.266573 0.000000 0.000000 0.000000
-0.426921 -1.021590 1.000000 -0.264893 0.268243 0.000000 0.000000 0.000000
-0.429562 -1.018899 1.000000 -0.263202 0.269902 0.000000 0.000000 0.000000
-0.432185 -1.016192 1.000000 -0.261501 0.271550 0.000000 0.000000 0.000000
-0.434792 -1.013468 1.000000 -0.259790 0.273188 0.000000 0.000000 0.000000
-0.437381 -1.010728 1.000000 -0.258068 0.274815 0.000000 0.000000 0.000000
-0.439953 -1.007972 1.000000 -0.256336 0.276431 0.000000 0.000000 0.000000
-0.442508 -1.005200 1.000000 -0.254595 0.278036 0.000000 0.000000 0.000000
-0.445045 -1.002411 1.000000 -0.252843 0.279630 0.000000 0.000000 0.000000
-0.447565 -0.999607 1.000000 -0.251081 0.281213 0.000000 0.000000 0.000000
-0.450067 -0.996787 1.000000 -0.249309 0.282785 0.000000 0.000000 0.000000
-0.452551 -0.993952 1.000000 -0.247527 0.284346 0.000000 0.000000 0.000000
-0.455017 -0.991100 1.000000 -0.245736 0.285896 0.000000 0.000000 0.000000
-0.457465 -0.988234 1.000000 -0.243934 0.287434 0.000000 0.000000 0.000000
-0.459896 -0.985352 1.000000 -0.242124 0.288961 0.000000 0.000000 0.000000
-0.462308 -0.982455 1.000000 -0.240303 0.290477 0.000000 0.000000 0.000000
-0.464702 -0.979542 1.000000 -0.238473 0.291981 0.000000 0.000000 0.000000
-0.467077 -0.976615 1.000000 -0.236634 0.293473 0.000000 0.000000 0.000000
-0.469434 -0.973673 1.000000 -0.234786 0.294954 0.000000 0.000000 0.000000
-0.471773 -0.970716 1.000000 -0.232928 0.296424 0.000000 0.000000 0.000000
-0.474093 -0.967744 1.000000 -0.231061 0.297881 0.000000 0.000000 0.000000
-0.476394 -0.964758 1.000000 -0.229184 0.299327 0.000000 0.000000 0.000000
-0.478677 -0.961758 1.000000 -0.227299 0.300761 0.000000 0.000000 0.000000
-0.480940 -0.958743 1.000000 -0.225405 0.302184 0.000000 0.000000 0.000000
-0.483185 -0.955714 1.000000 -0.223502 0.303594 0.000000 0.000000 0.000000
-0.485410 -0.952671 1.000000 -0.221590 0.304992 0.000000 0.000000 0.000000
-0.487616 -0.949614 1.000000 -0.219669 0.306378 0.000000 0.000000 0.000000
-0.489803 -0.946544 1.000000 -0.217740 0.307753 0.000000 0.000000 0.000000
-0.491971 -0.943459 1.000000 -0.215802 0.309115 0.000000 0.000000 0.000000
-0.494119 -0.940362 1.000000 -0.213855 0.310464 0.000000 0.000000 0.000000
-0.496248 -0.937250 1.000000 -0.211901 0.311802 0.000000 0.000000 0.000000
-0.498357 -0.934126 1.000000 -0.209937 0.313127 0.000000 0.000000 0.000000
-0.500447 -0.930988 1.000000 -0.207966 0.314440 0.000000 0.000000 0.000000
-0.502517 -0.927837 1.000000 -0.205986 0.315741 0.000000 0.000000 0.000000
-0.504567 -0.924673 1.000000 -0.203998 0.317029 0.000000 0.000000 0.000000
-0.506597 -0.921496 1.000000 -0.202002 0.318304 0.000000 0.000000 0.000000
-0.508607 -0.918307 1.000000 -0.199998 0.319567 0.000000 0.000000 0.000000
-0.510597 -0.915105 1.000000 -0.197986 0.320817 0.000000 0.000000 0.000000
-0.512566 -0.911891 1.000000 -0.195967 0.322055 0.000000 0.000000 0.000000
-0.514516 -0.908664 1.000000 -0.193939 0.323280 0.000000 0.000000 0.000000
-0.516445 -0.905425 1.000000 -0.191904 0.324492 0.000000 0.000000 0.000000
-0.518354 -0.902174 1.000000 -0.189862 0.325691 0.000000 0.000000 0.000000
-0.520242 -0.898911 1.000000 -0.187811 0.326878 0.000000 0.000000 0.000000
-0.522110 -0.895637 1.000000 -0.185754 0.328051 0.000000 0.000000 0.000000
-0.523957 -0.892350 1.000000 -0.183689 0.329212 0.000000 0.000000 0.000000
-0.525784 -0.889052 1.000000 -0.181617 0.330360 0.000000 0.000000 0.000000
-0.527590 -0.885743 1.000000 -0.179538 0.331494 0.000000 0.000000 0.000000
-0.529375 -0.882423 1.000000 -0.177451 0.332616 0.000000 0.000000 0.000000
-0.531139 -0.879091 1.000000 -0.175358 0.333724 0.000000 0.000000 0.000000
-0.532882 -0.875748 1.000000 -0.173258 0.334819 0.000000 0.000000 0.000000
-0.534604 -0.872394 1.000000 -0.171150 0.335901 0.000000 0.000000 0.000000
-0.536305 -0.869030 1.000000 -0.169037 0.336970 0.000000 0.000000 0.000000
-0.537985 -0.865655 1.000000 -0.166916 0.338026 0.000000 0.000000 0.000000
-0.539643 -0.862270 1.000000 -0.164789 0.339068 0.000000 0.000000 0.000000
-0.541280 -0.858874 1.000000 -0.162655 0.340096 0.000000 0.000000 0.000000
-0.542896 -0.855468 1.000000 -0.160515 0.341112 0.000000 0.000000 0.000000
-0.544491 -0.852052 1.000000 -0.158369 0.342114 0.000000 0.000000 0.000000
-0.546064 -0.848626 1.000000 -0.156216 0.343102 0.000000 0.000000 0.000000
-0.547615 -0.845190 1.000000 -0.154057 0.344077 0.000000 0.000000 0.000000
-0.549145 -0.841744 1.000000 -0.151892 0.345038 0.000000 0.000000 0.000000
-0.550653 -0.838289 1.000000 -0.149721 0.345985 0.000000 0.000000 0.000000
-0.552139 -0.834824 1.000000 -0.147544 0.346919 0.000000 0.000000 0.000000
-0.553604 -0.831351 1.000000 -0.145362 0.347839 0.000000 0.000000 0.000000
-0.555046 -0.827868 1.000000 -0.143173 0.348746 0.000000 0.000000 0.000000
-0.556467 -0.824376 1.000000 -0.140979 0.349639 0.000000 0.000000 0.000000
-0.557866 -0.820875 1.000000 -0.138780 0.350517 0.000000 0.000000 0.000000
-0.559243 -0.817365 1.000000 -0.136575 0.351382 0.000000 0.000000 0.000000
-0.560597 -0.813847 1.000000 -0.134364 0.352234 0.000000 0.000000 0.000000
-0.561930 -0.810321 1.000000 -0.132148 0.353071 0.000000 0.000000 0.000000
-0.563240 -0.806786 1.000000 -0.129927 0.353894 0.000000 0.000000 0.000000
-0.564528 -0.803243 1.000000 -0.127701 0.354704 0.000000 0.000000 0.000000
-0.565794 -0.799692 1.000000 -0.125470 0.355499 0.000000 0.000000 0.000000
-0.567038 -0.796133 1.000000 -0.123234 0.356280 0.000000 0.000000 0.000000
-0.568259 -0.792566 1.000000 -0.120993 0.357048 0.000000 0.000000 0.000000
-0.569458 -0.788992 1.000000 -0.118747 0.357801 0.000000 0.000000 0.000000
-0.570634 -0.785410 1.000000 -0.116497 0.358540 0.000000 0.000000 0.000000
-0.571788 -0.781821 1.000000 -0.114242 0.359265 0.000000 0.000000 0.000000
-0.572919 -0.778225 1.000000 -0.111982 0.359975 0.000000 0.000000 0.000000
-0.574027 -0.774622 1.000000 -0.109718 0.360672 0.000000 0.000000 0.000000
-0.575113 -0.771012 1.000000 -0.107450 0.361354 0.000000 0.000000 0.000000
-0.576176 -0.767395 1.000000 -0.105177 0.362022 0.000000 0.000000 0.000000
-0.577217 -0.763771 1.000000 -0.102901 0.362676 0.000000 0.000000 0.000000
-0.578234 -0.760141 1.000000 -0.100620 0.363315 0.000000 0.000000 0.000000
-0.579229 -0.756505 1.000000 -0.098335 0.363940 0.000000 0.000000 0.000000
-0.580201 -0.752863 1.000000 -0.096046 0.364551 0.000000 0.000000 0.000000
-0.581150 -0.749214 1.000000 -0.093754 0.365147 0.000000 0.000000 0.000000
-0.582076 -0.745560 1.000000 -0.091458 0.365729 0.000000 0.000000 0.000000
-0.582979 -0.741900 1.000000 -0.089158 0.366297 0.000000 0.000000 0.000000
-0.583859 -0.738234 1.000000 -0.086855 0.366849 0.000000 0.000000 0.000000
-0.584716 -0.734563 1.000000 -0.084548 0.367388 0.000000 0.000000 0.000000
-0.585550 -0.730886 1.000000 -0.082238 0.367912 0.000000 0.000000 0.000000
-0.586361 -0.727204 1.000000 -0.079925 0.368421 0.000000 0.000000 0.000000
-0.587149 -0.723518 1.000000 -0.077608 0.368916 0.000000 0.000000 0.000000
-0.587913 -0.719826 1.000000 -0.075289 0.369397 0.000000 0.000000 0.000000
-0.588654 -0.716130 1.000000 -0.072967 0.369862 0.000000 0.000000 0.000000
-0.589372 -0.712429 1.000000 -0.070641 0.370314 0.000000 0.000000 0.000000
-0.590067 -0.708724 1.000000 -0.068313 0.370750 0.000000 0.000000 0.000000
-0.590739 -0.705014 1.000000 -0.065982 0.371172 0.000000 0.000000 0.000000
-0.591387 -0.701300 1.000000 -0.063649 0.371579 0.000000 0.000000 0.000000
-0.592012 -0.697582 1.000000 -0.061313 0.371972 0.000000 0.000000 0.000000
-0.592613 -0.693861 1.000000 -0.058975 0.372350 0.000000 0.000000 0.000000
-0.593191 -0.690136 1.000000 -0.056634 0.372713 0.000000 0.000000 0.000000
-0.593746 -0.686407 1.000000 -0.054291 0.373061 0.000000 0.000000 0.000000
-0.594277 -0.682674 1.000000 -0.051946 0.373395 0.000000 0.000000 0.000000
-0.594785 -0.678939 1.000000 -0.049599 0.373714 0.000000 0.000000 0.000000
-0.595269 -0.675200 1.000000 -0.047250 0.374018 0.000000 0.000000 0.000000
-0.595730 -0.671458 1.000000 -0.044899 0.374308 0.000000 0.000000 0.000000
-0.596167 -0.667714 1.000000 -0.042546 0.374583 0.000000 0.000000 0.000000
-0.596580 -0.663967 1.000000 -0.040192 0.374843 0.000000 0.000000 0.000000
-0.596971 -0.660217 1.000000 -0.037836 0.375088 0.000000 0.000000 0.000000
-0.597337 -0.656465 1.000000 -0.035478 0.375318 0.000000 0.000000 0.000000
-0.597680 -0.652711 1.000000 -0.033119 0.375534 0.000000 0.000000 0.000000
-0.598000 -0.648955 1.000000 -0.030759 0.375734 0.000000 0.000000 0.000000
-0.598295 -0.645196 1.000000 -0.028398 0.375920 0.000000 0.000000 0.000000
-0.598567 -0.641436 1.000000 -0.026035 0.376091 0.000000 0.000000 0.000000
-0.598816 -0.637674 1.000000 -0.023672 0.376247 0.000000 0.000000 0.000000
-0.599041 -0.633911 1.000000 -0.021307 0.376389 0.000000 0.000000 0.000000
-0.599242 -0.630147 1.000000 -0.018942 0.376515 0.000000 0.000000 0.000000
-0.599420 -0.626381 1.000000 -0.016576 0.376627 0.000000 0.000000 0.000000
-0.599574 -0.622614 1.000000 -0.014209 0.376723 0.000000 0.000000 0.000000
-0.599704 -0.618847 1.000000 -0.011842 0.376805 0.000000 0.000000 0.000000
-0.599811 -0.615078 1.000000 -0.009474 0.376872 0.000000 0.000000 0.000000
-0.599893 -0.611309 1.000000 -0.007106 0.376924 0.000000 0.000000 0.000000
-0.599953 -0.607540 1.000000 -0.004737 0.376961 0.000000 0.000000 0.000000
-0.599988 -0.603770 1.000000 -0.002369 0.376984 0.000000 0.000000 0.000000
-0.600000 -0.600000 1.000000 -0.000000 0.376991 0.000000 0.000000 0.000000
-0.599988 -0.596230 1.000000 0.002369 0.376984 0.000000 0.000000 0.000000
-0.599953 -0.592461 1.000000 0.004737 0.376961 0.000000 0.000000 0.000000
-0.599893 -0.588691 1.000000 0.007106 0.376924 0.000000 0.000000 0.000000
-0.599811 -0.584922 1.000000 0.009474 0.376872 0.000000 0.000000 0.000000
-0.599704 -0.581154 1.000000 0.011841 0.376805 0.000000 0.000000 0.000000
-0.599574 -0.577386 1.000000 0.014209 0.376723 0.000000 0.000000 0.000000
-0.599420 -0.573619 1.000000 0.016575 0.376627 0.000000 0.000000 0.000000
-0.599242 -0.569854 1.000000 0.018942 0.376515 0.000000 0.000000 0.000000
-0.599041 -0.566089 1.000000 0.021307 0.376389 0.000000 0.000000 0.000000
-0.598816 -0.562326 1.000000 0.023671 0.376247 0.000000 0.000000 0.000000
-0.598568 -0.558564 1.000000 0.026035 0.376091 0.000000 0.000000 0.000000
-0.598295 -0.554804 1.000000 0.028397 0.375920 0.000000 0.000000 0.000000
-0.598000 -0.551046 1.000000 0.030759 0.375734 0.000000 0.000000 0.000000
-0.597680 -0.547289 1.000000 0.033119 0.375534 0.000000 0.000000 0.000000
-0.597337 -0.543535 1.000000 0.035478 0.375318 0.000000 0.000000 0.000000
-0.596971 -0.539783 1.000000 0.037835 0.375088 0.000000 0.000000 0.000000
-0.596580 -0.536033 1.000000 0.040191 0.374843 0.000000 0.000000 0.000000
-0.596167 -0.532286 1.000000 0.042546 0.374583 0.000000 0.000000 0.000000
-0.595730 -0.528542 1.000000 0.044898 0.374308 0.000000 0.000000 0.000000
-0.595269 -0.524800 1.000000 0.047249 0.374018 0.000000 0.000000 0.000000
-0.594785 -0.521062 1.000000 0.049598 0.373714 0.000000 0.000000 0.000000
-0.594277 -0.517326 1.000000 0.051946 0.373395 0.000000 0.000000 0.000000
-0.593746 -0.513594 1.000000 0.054291 0.373061 0.000000 0.000000 0.000000
-0.593191 -0.509865 1.000000 0.056634 0.372713 0.000000 0.000000 0.000000
-0.592613 -0.506139 1.000000 0.058974 0.372350 0.000000 0.000000 0.000000
-0.592012 -0.502418 1.000000 0.061313 0.371972 0.000000 0.000000 0.000000
-0.591387 -0.498700 1.000000 0.063649 0.371579 0.000000 0.000000 0.000000
-0.590739 -0.494986 1.000000 0.065982 0.371172 0.000000 0.000000 0.000000
-0.590067 -0.491277 1.000000 0.068313 0.370750 0.000000 0.000000 0.000000
-0.589372 -0.487571 1.000000 0.070641 0.370314 0.000000 0.000000 0.000000
-0.588654 -0.483870 1.000000 0.072966 0.369862 0.000000 0.000000 0.000000
-0.587913 -0.480174 1.000000 0.075289 0.369397 0.000000 0.000000 0.000000
-0.587149 -0.476483 1.000000 0.077608 0.368916 0.000000 0.000000 0.000000
-0.586361 -0.472796 1.000000 0.079925 0.368421 0.000000 0.000000 0.000000
-0.585550 -0.469114 1.000000 0.082238 0.367912 0.000000 0.000000 0.000000
-0.584716 -0.465438 1.000000 0.084548 0.367388 0.000000 0.000000 0.000000
-0.583859 -0.461767 1.000000 0.086855 0.366850 0.000000 0.000000 0.000000
-0.582979 -0.458101 1.000000 0.089158 0.366297 0.000000 0.000000 0.000000
-0.582076 -0.454441 1.000000 0.091458 0.365729 0.000000 0.000000 0.000000
-0.581150 -0.450786 1.000000 0.093754 0.365147 0.000000 0.000000 0.000000
-0.580201 -0.447138 1.000000 0.096046 0.364551 0.000000 0.000000 0.000000
-0.579229 -0.443495 1.000000 0.098335 0.363940 0.000000 0.000000 0.000000
-0.578234 -0.439859 1.000000 0.100620 0.363315 0.000000 0.000000 0.000000
-0.577217 -0.436229 1.000000 0.102900 0.362676 0.000000 0.000000 0.000000
-0.576176 -0.432606 1.000000 0.105177 0.362022 0.000000 0.000000 0.000000
-0.575113 -0.428989 1.000000 0.107450 0.361354 0.000000 0.000000 0.000000
-0.574027 -0.425378 1.000000 0.109718 0.360672 0.000000 0.000000 0.000000
-0.572919 -0.421775 1.000000 0.111982 0.359975 0.000000 0.000000 0.000000
-0.571788 -0.418179 1.000000 0.114241 0.359265 0.000000 0.000000 0.000000
-0.570634 -0.414590 1.000000 0.116497 0.358540 0.000000 0.000000 0.000000
-0.569458 -0.411008 1.000000 0.118747 0.357801 0.000000 0.000000 0.000000
-0.568259 -0.407434 1.000000 0.120993 0.357048 0.000000 0.000000 0.000000
-0.567038 -0.403867 1.000000 0.123234 0.356280 0.000000 0.000000 0.000000
-0.565794 -0.400308 1.000000 0.125470 0.355499 0.000000 0.000000 0.000000
-0.564529 -0.396757 1.000000 0.127701 0.354704 0.000000 0.000000 0.000000
-0.563240 -0.393214 1.000000 0.129927 0.353894 0.000000 0.000000 0.000000
-0.561930 -0.389680 1.000000 0.132148 0.353071 0.000000 0.000000 0.000000
-0.560597 -0.386153 1.000000 0.134364 0.352234 0.000000 0.000000 0.000000
-0.559243 -0.382635 1.000000 0.136574 0.351383 0.000000 0.000000 0.000000
-0.557866 -0.379125 1.000000 0.138780 0.350518 0.000000 0.000000 0.000000
-0.556467 -0.375625 1.000000 0.140979 0.349639 0.000000 0.000000 0.000000
-0.555046 -0.372133 1.000000 0.143173 0.348746 0.000000 0.000000 0.000000
-0.553604 -0.368650 1.000000 0.145362 0.347839 0.000000 0.000000 0.000000
-0.552139 -0.365176 1.000000 0.147544 0.346919 0.000000 0.000000 0.000000
-0.550653 -0.361711 1.000000 0.149721 0.345985 0.000000 0.000000 0.000000
-0.549145 -0.358256 1.000000 0.151892 0.345038 0.000000 0.000000 0.000000
-0.547615 -0.354811 1.000000 0.154057 0.344077 0.000000 0.000000 0.000000
-0.546064 -0.351375 1.000000 0.156216 0.343102 0.000000 0.000000 0.000000
-0.544491 -0.347949 1.000000 0.158368 0.342114 0.000000 0.000000 0.000000
-0.542896 -0.344533 1.000000 0.160515 0.341112 0.000000 0.000000 0.000000
-0.541280 -0.341127 1.000000 0.162655 0.340097 0.000000 0.000000 0.000000
-0.539643 -0.337731 1.000000 0.164789 0.339068 0.000000 0.000000 0.000000
-0.537985 -0.334345 1.000000 0.166916 0.338026 0.000000 0.000000 0.000000
-0.536305 -0.330970 1.000000 0.169036 0.336970 0.000000 0.000000 0.000000
-0.534604 -0.327606 1.000000 0.171150 0.335902 0.000000 0.000000 0.000000
-0.532882 -0.324252 1.000000 0.173257 0.334820 0.000000 0.000000 0.000000
-0.531139 -0.320910 1.000000 0.175358 0.333724 0.000000 0.000000 0.000000
-0.529375 -0.317578 1.000000 0.177451 0.332616 0.000000 0.000000 0.000000
-0.527590 -0.314257 1.000000 0.179537 0.331494 0.000000 0.000000 0.000000
-0.525784 -0.310948 1.000000 0.181617 0.330360 0.000000 0.000000 0.000000
-0.523958 -0.307650 1.000000 0.183689 0.329212 0.000000 0.000000 0.000000
-0.522110 -0.304364 1.000000 0.185754 0.328052 0.000000 0.000000 0.000000
-0.520243 -0.301089 1.000000 0.187811 0.326878 0.000000 0.000000 0.000000
-0.518354 -0.297826 1.000000 0.189861 0.325692 0.000000 0.000000 0.000000
-0.516445 -0.294575 1.000000 0.191904 0.324492 0.000000 0.000000 0.000000
-0.514516 -0.291336 1.000000 0.193939 0.323280 0.000000 0.000000 0.000000
-0.512567 -0.288110 1.000000 0.195966 0.322055 0.000000 0.000000 0.000000
-0.510597 -0.284895 1.000000 0.197986 0.320817 0.000000 0.000000 0.000000
-0.508607 -0.281693 1.000000 0.199998 0.319567 0.000000 0.000000 0.000000
-0.506597 -0.278504 1.000000 0.202002 0.318304 0.000000 0.000000 0.000000
-0.504567 -0.275327 1.000000 0.203998 0.317029 0.000000 0.000000 0.000000
-0.502517 -0.272164 1.000000 0.205986 0.315741 0.000000 0.000000 0.000000
-0.500447 -0.269013 1.000000 0.207965 0.314440 0.000000 0.000000 0.000000
-0.498358 -0.265875 1.000000 0.209937 0.313127 0.000000 0.000000 0.000000
-0.496248 -0.262750 1.000000 0.211900 0.311802 0.000000 0.000000 0.000000
-0.494120 -0.259639 1.000000 0.213855 0.310465 0.000000 0.000000 0.000000
-0.491971 -0.256541 1.000000 0.215802 0.309115 0.000000 0.000000 0.000000
-0.489804 -0.253457 1.000000 0.217740 0.307753 0.000000 0.000000 0.000000
-0.487617 -0.250386 1.000000 0.219669 0.306379 0.000000 0.000000 0.000000
-0.485410 -0.247329 1.000000 0.221590 0.304992 0.000000 0.000000 0.000000
-0.483185 -0.244286 1.000000 0.223502 0.303594 0.000000 0.000000 0.000000
-0.480940 -0.241257 1.000000 0.225405 0.302184 0.000000 0.000000 0.000000
-0.478677 -0.238242 1.000000 0.227299 0.300761 0.000000 0.000000 0.000000
-0.476394 -0.235242 1.000000 0.229184 0.299327 0.000000 0.000000 0.000000
-0.474093 -0.232256 1.000000 0.231060 0.297881 0.000000 0.000000 0.000000
-0.471773 -0.229284 1.000000 0.232927 0.296424 0.000000 0.000000 0.000000
-0.469435 -0.226327 1.000000 0.234785 0.294954 0.000000 0.000000 0.000000
-0.467077 -0.223385 1.000000 0.236634 0.293473 0.000000 0.000000 0.000000
-0.464702 -0.220458 1.000000 0.238473 0.291981 0.000000 0.000000 0.000000
-0.462308 -0.217546 1.000000 0.240303 0.290477 0.000000 0.000000 0.000000
-0.459896 -0.214649 1.000000 0.242123 0.288961 0.000000 0.000000 0.000000
-0.457466 -0.211767 1.000000 0.243934 0.287434 0.000000 0.000000 0.000000
-0.455017 -0.208900 1.000000 0.245735 0.285896 0.000000 0.000000 0.000000
-0.452551 -0.206049 1.000000 0.247527 0.284346 0.000000 0.000000 0.000000
-0.450067 -0.203213 1.000000 0.249309 0.282785 0.000000 0.000000 0.000000
-0.447565 -0.200393 1.000000 0.251080 0.281213 0.000000 0.000000 0.000000
-0.445045 -0.197589 1.000000 0.252842 0.279630 0.000000 0.000000 0.000000
-0.442508 -0.194800 1.000000 0.254594 0.278036 0.000000 0.000000 0.000000
-0.439953 -0.192028 1.000000 0.256336 0.276431 0.000000 0.000000 0.000000
-0.437381 -0.189272 1.000000 0.258068 0.274815 0.000000 0.000000 0.000000
-0.434792 -0.186532 1.000000 0.259790 0.273188 0.000000 0.000000 0.000000
-0.432186 -0.183808 1.000000 0.261501 0.271550 0.000000 0.000000 0.000000
-0.429562 -0.181101 1.000000 0.263202 0.269902 0.000000 0.000000 0.000000
-0.426922 -0.178410 1.000000 0.264893 0.268243 0.000000 0.000000 0.000000
-0.424264 -0.175736 1.000000 0.266573 0.266573 0.000000 0.000000 0.000000
-0.421590 -0.173079 1.000000 0.268243 0.264893 0.000000 0.000000 0.000000
-0.418899 -0.170438 1.000000 0.269902 0.263202 0.000000 0.000000 0.000000
-0.416192 -0.167815 1.000000 0.271550 0.261501 0.000000 0.000000 0.000000
-0.413468 -0.165208 1.000000 0.273188 0.259790 0.000000 0.000000 0.000000
-0.410728 -0.162619 1.000000 0.274815 0.258068 0.000000 0.000000 0.000000
-0.407972 -0.160047 1.000000 0.276431 0.256336 0.000000 0.000000 0.000000
-0.405200 -0.157492 1.000000 0.278036 0.254595 0.000000 0.000000 0.000000
-0.402411 -0.154955 1.000000 0.279630 0.252843 0.000000 0.000000 0.000000
-0.399607 -0.152435 1.000000 0.281213 0.251081 0.000000 0.000000 0.000000
-0.396787 -0.149933 1.000000 0.282785 0.249309 0.000000 0.000000 0.000000
-0.393952 -0.147449 1.000000 0.284346 0.247527 0.000000 0.000000 0.000000
-0.391100 -0.144983 1.000000 0.285896 0.245736 0.000000 0.000000 0.000000
-0.388234 -0.142535 1.000000 0.287434 0.243934 0.000000 0.000000 0.000000
-0.385352 -0.140104 1.000000 0.288961 0.242124 0.000000 0.000000 0.000000
-0.382455 -0.137692 1.000000 0.290477 0.240303 0.000000 0.000000 0.000000
-0.379542 -0.135298 1.000000 0.291981 0.238473 0.000000 0.000000 0.000000
-0.376615 -0.132923 1.000000 0.293473 0.236634 0.000000 0.000000 0.000000
-0.373673 -0.130566 1.000000 0.294954 0.234786 0.000000 0.000000 0.000000
-0.370716 -0.128227 1.000000 0.296424 0.232928 0.000000 0.000000 0.000000
-0.367744 -0.125907 1.000000 0.297881 0.231061 0.000000 0.000000 0.000000
-0.364758 -0.123606 1.000000 0.299327 0.229184 0.000000 0.000000 0.000000
-0.361758 -0.121323 1.000000 0.300761 0.227299 0.000000 0.000000 0.000000
-0.358743 -0.119060 1.000000 0.302184 0.225405 0.000000 0.000000 0.000000
-0.355714 -0.116815 1.000000 0.303594 0.223502 0.000000 0.000000 0.000000
-0.352671 -0.114590 1.000000 0.304992 0.221590 0.000000 0.000000 0.000000
-0.349614 -0.112384 1.000000 0.306378 0.219669 0.000000 0.000000 0.000000
-0.346544 -0.110197 1.000000 0.307753 0.217740 0.000000 0.000000 0.000000
-0.343459 -0.108029 1.000000 0.309115 0.215802 0.000000 0.000000 0.000000
-0.340362 -0.105881 1.000000 0.310464 0.213855 0.000000 0.000000 0.000000
-0.337250 -0.103752 1.000000 0.311802 0.211901 0.000000 0.000000 0.000000
-0.334126 -0.101643 1.000000 0.313127 0.209937 0.000000 0.000000 0.000000
-0.330988 -0.099553 1.000000 0.314440 0.207966 0.000000 0.000000 0.000000
-0.327837 -0.097483 1.000000 0.315741 0.205986 0.000000 0.000000 0.000000
-0.324673 -0.095433 1.000000 0.317029 0.203998 0.000000 0.000000 0.000000
-0.321496 -0.093403 1.000000 0.318304 0.202002 0.000000 0.000000 0.000000
-0.318307 -0.091393 1.000000 0.319567 0.199998 0.000000 0.000000 0.000000
-0.315105 -0.089403 1.000000 0.320817 0.197986 0.000000 0.000000 0.000000
-0.311891 -0.087434 1.000000 0.322055 0.195967 0.000000 0.000000 0.000000
-0.308664 -0.085484 1.000000 0.323280 0.193939 0.000000 0.000000 0.000000
-0.305425 -0.083555 1.000000 0.324492 0.191904 0.000000 0.000000 0.000000
-0.302174 -0.081646 1.000000 0.325691 0.189862 0.000000 0.000000 0.000000
-0.298911 -0.079758 1.000000 0.326878 0.187811 0.000000 0.000000 0.000000
-0.295637 -0.077890 1.000000 0.328051 0.185754 0.000000 0.000000 0.000000
-0.292350 -0.076043 1.000000 0.329212 0.183689 0.000000 0.000000 0.000000
-0.289052 -0.074216 1.000000 0.330360 0.181617 0.000000 0.000000 0.000000
-0.285743 -0.072410 1.000000 0.331494 0.179538 0.000000 0.000000 0.000000
-0.282423 -0.070625 1.000000 0.332616 0.177451 0.000000 0.000000 0.000000
-0.279091 -0.068861 1.000000 0.333724 0.175358 0.000000 0.000000 0.000000
-0.275748 -0.067118 1.000000 0.334819 0.173258 0.000000 0.000000 0.000000
-0.272394 -0.065396 1.000000 0.335901 0.171150 0.000000 0.000000 0.000000
-0.269030 -0.063695 1.000000 0.336970 0.169037 0.000000 0.000000 0.000000
-0.265655 -0.062015 1.000000 0.338026 0.166916 0.000000 0.000000 0.000000
-0.262270 -0.060357 1.000000 0.339068 0.164789 0.000000 0.000000 0.000000
-0.258874 -0.058720 1.000000 0.340096 0.162655 0.000000 0.000000 0.000000
-0.255468 -0.057104 1.000000 0.341112 0.160515 0.000000 0.000000 0.000000
-0.252052 -0.055509 1.000000 0.342114 0.158369 0.000000 0.000000 0.000000
-0.248626 -0.053936 1.000000 0.343102 0.156216 0.000000 0.000000 0.000000
-0.245190 -0.052385 1.000000 0.344077 0.154057 0.000000 0.000000 0.000000
-0.241744 -0.050855 1.000000 0.345038 0.151892 0.000000 0.000000 0.000000
-0.238289 -0.049347 1.000000 0.345985 0.149721 0.000000 0.000000 0.000000
-0.234824 -0.047861 1.000000 0.346919 0.147545 0.000000 0.000000 0.000000
-0.231351 -0.046396 1.000000 0.347839 0.145362 0.000000 0.000000 0.000000
-0.227868 -0.044954 1.000000 0.348746 0.143173 0.000000 0.000000 0.000000
-0.224376 -0.043533 1.000000 0.349639 0.140979 0.000000 0.000000 0.000000
-0.220875 -0.042134 1.000000 0.350517 0.138780 0.000000 0.000000 0.000000
-0.217365 -0.040757 1.000000 0.351382 0.136575 0.000000 0.000000 0.000000
-0.213847 -0.039403 1.000000 0.352234 0.134364 0.000000 0.000000 0.000000
-0.210321 -0.038070 1.000000 0.353071 0.132148 0.000000 0.000000 0.000000
-0.206786 -0.036760 1.000000 0.353894 0.129927 0.000000 0.000000 0.000000
-0.203243 -0.035472 1.000000 0.354704 0.127701 0.000000 0.000000 0.000000
-0.199692 -0.034206 1.000000 0.355499 0.125470 0.000000 0.000000 0.000000
-0.196133 -0.032962 1.000000 0.356280 0.123234 0.000000 0.000000 0.000000
-0.192566 -0.031741 1.000000 0.357048 0.120993 0.000000 0.000000 0.000000
-0.188992 -0.030542 1.000000 0.357801 0.118747 0.000000 0.000000 0.000000
-0.185410 -0.029366 1.000000 0.358540 0.116497 0.000000 0.000000 0.000000
-0.181821 -0.028212 1.000000 0.359265 0.114242 0.000000 0.000000 0.000000
-0.178225 -0.027081 1.000000 0.359975 0.111982 0.000000 0.000000 0.000000
-0.174622 -0.025973 1.000000 0.360672 0.109718 0.000000 0.000000 0.000000
-0.171012 -0.024887 1.000000 0.361354 0.107450 0.000000 0.000000 0.000000
-0.167395 -0.023824 1.000000 0.362022 0.105177 0.000000 0.000000 0.000000
-0.163771 -0.022783 1.000000 0.362676 0.102901 0.000000 0.000000 0.000000
-0.160141 -0.021766 1.000000 0.363315 0.100620 0.000000 0.000000 0.000000
-0.156505 -0.020771 1.000000 0.363940 0.098335 0.000000 0.000000 0.000000
-0.152863 -0.019799 1.000000 0.364551 0.096046 0.000000 0.000000 0.000000
-0.149214 -0.018850 1.000000 0.365147 0.093754 0.000000 0.000000 0.000000
-0.145560 -0.017924 1.000000 0.365729 0.091458 0.000000 0.000000 0.000000
-0.141900 -0.017021 1.000000 0.366296 0.089158 0.000000 0.000000 0.000000
-0.138234 -0.016141 1.000000 0.366849 0.086855 0.000000 0.000000 0.000000
-0.134563 -0.015284 1.000000 0.367388 0.084548 0.000000 0.000000 0.000000
-0.130886 -0.014450 1.000000 0.367912 0.082238 0.000000 0.000000 0.000000
-0.127204 -0.013639 1.000000 0.368421 0.079925 0.000000 0.000000 0.000000
-0.123518 -0.012851 1.000000 0.368916 0.077608 0.000000 0.000000 0.000000
-0.119826 -0.012087 1.000000 0.369397 0.075289 0.000000 0.000000 0.000000
-0.116130 -0.011346 1.000000 0.369862 0.072967 0.000000 0.000000 0.000000
-0.112429 -0.010628 1.000000 0.370314 0.070641 0.000000 0.000000 0.000000
-0.108724 -0.009933 1.000000 0.370750 0.068313 0.000000 0.000000 0.000000
-0.105014 -0.009261 1.000000 0.371172 0.065982 0.000000 0.000000 0.000000
-0.101300 -0.008613 1.000000 0.371579 0.063649 0.000000 0.000000 0.000000
-0.097582 -0.007988 1.000000 0.371972 0.061313 0.000000 0.000000 0.000000
-0.093861 -0.007387 1.000000 0.372350 0.058975 0.000000 0.000000 0.000000
-0.090136 -0.006809 1.000000 0.372713 0.056634 0.000000 0.000000 0.000000
-0.086407 -0.006254 1.000000 0.373061 0.054291 0.000000 0.000000 0.000000
-0.082674 -0.005723 1.000000 0.373395 0.051946 0.000000 0.000000 0.000000
-0.078939 -0.005215 1.000000 0.373714 0.049599 0.000000 0.000000 0.000000
-0.075200 -0.004731 1.000000 0.374018 0.047250 0.000000 0.000000 0.000000
-0.071458 -0.004270 1.000000 0.374308 0.044899 0.000000 0.000000 0.000000
-0.067714 -0.003833 1.000000 0.374583 0.042546 0.000000 0.000000 0.000000
-0.063967 -0.003420 1.000000 0.374843 0.040192 0.000000 0.000000 0.000000
-0.060217 -0.003029 1.000000 0.375088 0.037836 0.000000 0.000000 0.000000
-0.056465 -0.002663 1.000000 0.375318 0.035478 0.000000 0.000000 0.000000
-0.052711 -0.002320 1.000000 0.375534 0.033119 0.000000 0.000000 0.000000
-0.048955 -0.002000 1.000000 0.375734 0.030759 0.000000 0.000000 0.000000
-0.045196 -0.001705 1.000000 0.375920 0.028398 0.000000 0.000000 0.000000
-0.041436 -0.001433 1.000000 0.376091 0.026035 0.000000 0.000000 0.000000
-0.037675 -0.001184 1.000000 0.376247 0.023672 0.000000 0.000000 0.000000
-0.033911 -0.000959 1.000000 0.376389 0.021307 0.000000 0.000000 0.000000
-0.030147 -0.000758 1.000000 0.376515 0.018942 0.000000 0.000000 0.000000
-0.026381 -0.000580 1.000000 0.376627 0.016576 0.000000 0.000000 0.000000
-0.022614 -0.000426 1.000000 0.376723 0.014209 0.000000 0.000000 0.000000
-0.018847 -0.000296 1.000000 0.376805 0.011842 0.000000 0.000000 0.000000
-0.015078 -0.000189 1.000000 0.376872 0.009474 0.000000 0.000000 0.000000
-0.011309 -0.000107 1.000000 0.376924 0.007106 0.000000 0.000000 0.000000
-0.007540 -0.000047 1.000000 0.376961 0.004737 0.000000 0.000000 0.000000
-0.003770 -0.000012 1.000000 0.376984 0.002369 0.000000 0.000000 0.000000
-0.000000 -0.000000 1.000000 0.376991 0.000000 0.000000 0.000000 0.000000
0.003770 -0.000012 1.000000 0.376984 -0.002369 0.000000 0.000000 0.000000
0.007539 -0.000047 1.000000 0.376961 -0.004737 0.000000 0.000000 0.000000
0.011309 -0.000107 1.000000 0.376924 -0.007106 0.000000 0.000000 0.000000
0.015078 -0.000189 1.000000 0.376872 -0.009474 0.000000 0.000000 0.000000
0.018846 -0.000296 1.000000 0.376805 -0.011841 0.000000 0.000000 0.000000
0.022614 -0.000426 1.000000 0.376723 -0.014209 0.000000 0.000000 0.000000
0.026381 -0.000580 1.000000 0.376627 -0.016575 0.000000 0.000000 0.000000
0.030146 -0.000758 1.000000 0.376515 -0.018942 0.000000 0.000000 0.000000
0.033911 -0.000959 1.000000 0.376389 -0.021307 0.000000 0.000000 0.000000
0.037674 -0.001184 1.000000 0.376247 -0.023671 0.000000 0.000000 0.000000
0.041436 -0.001432 1.000000 0.376091 -0.026035 0.000000 0.000000 0.000000
0.045196 -0.001705 1.000000 0.375920 -0.028397 0.000000 0.000000 0.000000
0.048954 -0.002000 1.000000 0.375734 -0.030759 0.000000 0.000000 0.000000
0.052711 -0.002320 1.000000 0.375534 -0.033119 0.000000 0.000000 0.000000
0.056465 -0.002663 1.000000 0.375318 -0.035478 0.000000 0.000000 0.000000
0.060217 -0.003029 1.000000 0.375088 -0.037835 0.000000 0.000000 0.000000
0.063966 -0.003420 1.000000 0.374843 -0.040191 0.000000 0.000000 0.000000
0.067714 -0.003833 1.000000 0.374583 -0.042546 0.000000 0.000000 0.000000
0.071458 -0.004270 1.000000 0.374308 -0.044898 0.000000 0.000000 0.000000
0.075200 -0.004731 1.000000 0.374018 -0.047249 0.000000 0.000000 0.000000
0.078938 -0.005215 1.000000 0.373714 -0.049598 0.000000 0.000000 0.000000
0.082674 -0.005723 1.000000 0.373395 -0.051946 0.000000 0.000000 0.000000
0.086406 -0.006254 1.000000 0.373061 -0.054291 0.000000 0.000000 0.000000
0.090135 -0.006809 1.000000 0.372713 -0.056634 0.000000 0.000000 0.000000
0.093860 -0.007387 1.000000 0.372350 -0.058974 0.000000 0.000000 0.000000
0.097582 -0.007988 1.000000 0.371972 -0.061313 0.000000 0.000000 0.000000
0.101300 -0.008613 1.000000 0.371579 -0.063649 0.000000 0.000000 0.000000
0.105014 -0.009261 1.000000 0.371172 -0.065982 0.000000 0.000000 0.000000
0.108723 -0.009933 1.000000 0.370750 -0.068313 0.000000 0.000000 0.000000
0.112429 -0.010628 1.000000 0.370314 -0.070641 0.000000 0.000000 0.000000
0.116129 -0.011346 1.000000 0.369862 -0.072966 0.000000 0.000000 0.000000
0.119826 -0.012087 1.000000 0.369397 -0.075289 0.000000 0.000000 0.000000
0.123517 -0.012851 1.000000 0.368916 -0.077608 0.000000 0.000000 0.000000
0.127204 -0.013639 1.000000 0.368421 -0.079925 0.000000 0.000000 0.000000
0.130886 -0.014450 1.000000 0.367912 -0.082238 0.000000 0.000000 0.000000
0.134562 -0.015284 1.000000 0.367388 -0.084548 0.000000 0.000000 0.000000
0.138233 -0.016141 1.000000 0.366850 -0.086855 0.000000 0.000000 0.000000
0.141899 -0.017021 1.000000 0.366297 -0.089158 0.000000 0.000000 0.000000
0.145559 -0.017924 1.000000 0.365729 -0.091458 0.000000 0.000000 0.000000
0.149214 -0.018850 1.000000 0.365147 -0.093754 0.000000 0.000000 0.000000
0.152862 -0.019799 1.000000 0.364551 -0.096046 0.000000 0.000000 0.000000
0.156505 -0.020771 1.000000 0.363940 -0.098335 0.000000 0.000000 0.000000
0.160141 -0.021766 1.000000 0.363315 -0.100620 0.000000 0.000000 0.000000
0.163771 -0.022783 1.000000 0.362676 -0.102900 0.000000 0.000000 0.000000
0.167394 -0.023824 1.000000 0.362022 -0.105177 0.000000 0.000000 0.000000
0.171011 -0.024887 1.000000 0.361354 -0.107450 0.000000 0.000000 0.000000
0.174622 -0.025973 1.000000 0.360672 -0.109718 0.000000 0.000000 0.000000
0.178225 -0.027081 1.000000 0.359975 -0.111982 0.000000 0.000000 0.000000
0.181821 -0.028212 1.000000 0.359265 -0.114241 0.000000 0.000000 0.000000
0.185410 -0.029366 1.000000 0.358540 -0.116497 0.000000 0.000000 0.000000
0.188992 -0.030542 1.000000 0.357801 -0.118747 0.000000 0.000000 0.000000
0.192566 -0.031741 1.000000 0.357048 -0.120993 0.000000 0.000000 0.000000
0.196133 -0.032962 1.000000 0.356280 -0.123234 0.000000 0.000000 0.000000
0.199692 -0.034206 1.000000 0.355499 -0.125470 0.000000 0.000000 0.000000
0.203243 -0.035471 1.000000 0.354704 -0.127701 0.000000 0.000000 0.000000
0.206786 -0.036760 1.000000 0.353894 -0.129927 0.000000 0.000000 0.000000
0.210320 -0.038070 1.000000 0.353071 -0.132148 0.000000 0.000000 0.000000
0.213847 -0.039403 1.000000 0.352234 -0.134364 0.000000 0.000000 0.000000
0.217365 -0.040757 1.000000 0.351383 -0.136574 0.000000 0.000000 0.000000
0.220875 -0.042134 1.000000 0.350518 -0.138780 0.000000 0.000000 0.000000
0.224375 -0.043533 1.000000 0.349639 -0.140979 0.000000 0.000000 0.000000
0.227867 -0.044954 1.000000 0.348746 -0.143173 0.000000 0.000000 0.000000
0.231350 -0.046396 1.000000 0.347839 -0.145362 0.000000 0.000000 0.000000
0.234824 -0.047861 1.000000 0.346919 -0.147544 0.000000 0.000000 0.000000
0.238289 -0.049347 1.000000 0.345985 -0.149721 0.000000 0.000000 0.000000
0.241744 -0.050855 1.000000 0.345038 -0.151892 0.000000 0.000000 0.000000
0.245189 -0.052385 1.000000 0.344077 -0.154057 0.000000 0.000000 0.000000
0.248625 -0.053936 1.000000 0.343102 -0.156216 0.000000 0.000000 0.000000
0.252051 -0.055509 1.000000 0.342114 -0.158368 0.000000 0.000000 0.000000
0.255467 -0.057104 1.000000 0.341112 -0.160515 0.000000 0.000000 0.000000
0.258873 -0.058720 1.000000 0.340097 -0.162655 0.000000 0.000000 0.000000
0.262269 -0.060357 1.000000 0.339068 -0.164789 0.000000 0.000000 0.000000
0.265655 -0.062015 1.000000 0.338026 -0.166916 0.000000 0.000000 0.000000
0.269030 -0.063695 1.000000 0.336970 -0.169036 0.000000 0.000000 0.000000
0.272394 -0.065396 1.000000 0.335902 -0.171150 0.000000 0.000000 0.000000
0.275748 -0.067118 1.000000 0.334820 -0.173257 0.000000 0.000000 0.000000
0.279090 -0.068861 1.000000 0.333724 -0.175358 0.000000 0.000000 0.000000
0.282422 -0.070625 1.000000 0.332616 -0.177451 0.000000 0.000000 0.000000
0.285743 -0.072410 1.000000 0.331494 -0.179537 0.000000 0.000000 0.000000
0.289052 -0.074216 1.000000 0.330360 -0.181617 0.000000 0.000000 0.000000
0.292350 -0.076042 1.000000 0.329212 -0.183689 0.000000 0.000000 0.000000
0.295636 -0.077890 1.000000 0.328052 -0.185754 0.000000 0.000000 0.000000
0.298911 -0.079757 1.000000 0.326878 -0.187811 0.000000 0.000000 0.000000
0.302174 -0.081646 1.000000 0.325692 -0.189861 0.000000 0.000000 0.000000
0.305425 -0.083555 1.000000 0.324492 -0.191904 0.000000 0.000000 0.000000
0.308664 -0.085484 1.000000 0.323280 -0.193939 0.000000 0.000000 0.000000
0.311890 -0.087433 1.000000 0.322055 -0.195966 0.000000 0.000000 0.000000
0.315105 -0.089403 1.000000 0.320817 -0.197986 0.000000 0.000000 0.000000
0.318307 -0.091393 1.000000 0.319567 -0.199998 0.000000 0.000000 0.000000
0.321496 -0.093403 1.000000 0.318304 -0.202002 0.000000 0.000000 0.000000
0.324673 -0.095433 1.000000 0.317029 -0.203998 0.000000 0.000000 0.000000
0.327836 -0.097483 1.000000 0.315741 -0.205986 0.000000 0.000000 0.000000
0.330987 -0.099553 1.000000 0.314440 -0.207965 0.000000 0.000000 0.000000
0.334125 -0.101642 1.000000 0.313127 -0.209937 0.000000 0.000000 0.000000
0.337250 -0.103752 1.000000 0.311802 -0.211900 0.000000 0.000000 0.000000
0.340361 -0.105880 1.000000 0.310465 -0.213855 0.000000 0.000000 0.000000
0.343459 -0.108029 1.000000 0.309115 -0.215802 0.000000 0.000000 0.000000
0.346543 -0.110196 1.000000 0.307753 -0.217740 0.000000 0.000000 0.000000
0.349614 -0.112383 1.000000 0.306379 -0.219669 0.000000 0.000000 0.000000
0.352671 -0.114590 1.000000 0.304992 -0.221590 0.000000 0.000000 0.000000
0.355714 -0.116815 1.000000 0.303594 -0.223502 0.000000 0.000000 0.000000
0.358743 -0.119060 1.000000 0.302184 -0.225405 0.000000 0.000000 0.000000
0.361758 -0.121323 1.000000 0.300761 -0.227299 0.000000 0.000000 0.000000
0.364758 -0.123606 1.000000 0.299327 -0.229184 0.000000 0.000000 0.000000
0.367744 -0.125907 1.000000 0.297881 -0.231060 0.000000 0.000000 0.000000
0.370716 -0.128227 1.000000 0.296424 -0.232927 0.000000 0.000000 0.000000
0.373673 -0.130565 1.000000 0.294954 -0.234785 0.000000 0.000000 0.000000
0.376615 -0.132922 1.000000 0.293473 -0.236634 0.000000 0.000000 0.000000
0.379542 -0.135298 1.000000 0.291981 -0.238473 0.000000 0.000000 0.000000
0.382454 -0.137692 1.000000 0.290477 -0.240303 0.000000 0.000000 0.000000
0.385351 -0.140104 1.000000 0.288961 -0.242123 0.000000 0.000000 0.000000
0.388233 -0.142534 1.000000 0.287434 -0.243934 0.000000 0.000000 0.000000
0.391100 -0.144983 1.000000 0.285896 -0.245735 0.000000 0.000000 0.000000
0.393951 -0.147449 1.000000 0.284346 -0.247527 0.000000 0.000000 0.000000
0.396787 -0.149933 1.000000 0.282785 -0.249309 0.000000 0.000000 0.000000
0.399607 -0.152435 1.000000 0.281213 -0.251080 0.000000 0.000000 0.000000
0.402411 -0.154955 1.000000 0.279630 -0.252842 0.000000 0.000000 0.000000
0.405200 -0.157492 1.000000 0.278036 -0.254594 0.000000 0.000000 0.000000
0.407972 -0.160047 1.000000 0.276431 -0.256336 0.000000 0.000000 0.000000
0.410728 -0.162619 1.000000 0.274815 -0.258068 0.000000 0.000000 0.000000
0.413468 -0.165208 1.000000 0.273188 -0.259790 0.000000 0.000000 0.000000
0.416192 -0.167814 1.000000 0.271550 -0.261501 0.000000 0.000000 0.000000
0.418899 -0.170438 1.000000 0.269902 -0.263202 0.000000 0.000000 0.000000
0.421590 -0.173078 1.000000 0.268243 -0.264893 0.000000 0.000000 0.000000
0.424264 -0.175736 1.000000 0.266573 -0.266573 0.000000 0.000000 0.000000
0.426921 -0.178410 1.000000 0.264893 -0.268243 0.000000 0.000000 0.000000
0.429562 -0.181101 1.000000 0.263202 -0.269902 0.000000 0.000000 0.000000
0.432185 -0.183808 1.000000 0.261501 -0.271550 0.000000 0.000000 0.000000
0.434792 -0.186532 1.000000 0.259790 -0.273188 0.000000 0.000000 0.000000
0.437381 -0.189272 1.000000 0.258068 -0.274815 0.000000 0.000000 0.000000
0.439953 -0.192028 1.000000 0.256336 -0.276431 0.000000 0.000000 0.000000
0.442508 -0.194800 1.000000 0.254595 -0.278036 0.000000 0.000000 0.000000
0.445045 -0.197589 1.000000 0.252843 -0.279630 0.000000 0.000000 0.000000
0.447565 -0.200393 1.000000 0.251081 -0.281213 0.000000 0.000000 0.000000
0.450067 -0.203213 1.000000 0.249309 -0.282785 0.000000 0.000000 0.000000
0.452551 -0.206048 1.000000 0.247527 -0.284346 0.000000 0.000000 0.000000
0.455017 -0.208900 1.000000 0.245736 -0.285896 0.000000 0.000000 0.000000
0.457465 -0.211766 1.000000 0.243934 -0.287434 0.000000 0.000000 0.000000
0.459896 -0.214648 1.000000 0.242124 -0.288961 0.000000 0.000000 0.000000
0.462308 -0.217545 1.000000 0.240303 -0.290477 0.000000 0.000000 0.000000
0.464702 -0.220458 1.000000 0.238473 -0.291981 0.000000 0.000000 0.000000
0.467077 -0.223385 1.000000 0.236634 -0.293473 0.000000 0.000000 0.000000
0.469434 -0.226327 1.000000 0.234786 -0.294954 0.000000 0.000000 0.000000
0.471773 -0.229284 1.000000 0.232928 -0.296424 0.000000 0.000000 0.000000
0.474093 -0.232256 1.000000 0.231061 -0.297881 0.000000 0.000000 0.000000
0.476394 -0.235242 1.000000 0.229184 -0.299327 0.000000 0.000000 0.000000
0.478677 -0.238242 1.000000 0.227299 -0.300761 0.000000 0.000000 0.000000
0.480940 -0.241257 1.000000 0.225405 -0.302184 0.000000 0.000000 0.000000
0.483185 -0.244286 1.000000 0.223502 -0.303594 0.000000 0.000000 0.000000
0.485410 -0.247329 1.000000 0.221590 -0.304992 0.000000 0.000000 0.000000
0.487616 -0.250386 1.000000 0.219669 -0.306378 0.000000 0.000000 0.000000
0.489803 -0.253456 1.000000 0.217740 -0.307753 0.000000 0.000000 0.000000
0.491971 -0.256541 1.000000 0.215802 -0.309115 0.000000 0.000000 0.000000
0.494119 -0.259638 1.000000 0.213855 -0.310464 0.000000 0.000000 0.000000
0.496248 -0.262750 1.000000 0.211901 -0.311802 0.000000 0.000000 0.000000
0.498357 -0.265874 1.000000 0.209937 -0.313127 0.000000 0.000000 0.000000
0.500447 -0.269012 1.000000 0.207966 -0.314440 0.000000 0.000000 0.000000
0.502517 -0.272163 1.000000 0.205986 -0.315741 0.000000 0.000000 0.000000
0.504567 -0.275327 1.000000 0.203998 -0.317029 0.000000 0.000000 0.000000
0.506597 -0.278504 1.000000 0.202002 -0.318304 0.000000 0.000000 0.000000
0.508607 -0.281693 1.000000 0.199998 -0.319567 0.000000 0.000000 0.000000
0.510597 -0.284895 1.000000 0.197986 -0.320817 0.000000 0.000000 0.000000
0.512566 -0.288109 1.000000 0.195967 -0.322055 0.000000 0.000000 0.000000
0.514516 -0.291336 1.000000 0.193939 -0.323280 0.000000 0.000000 0.000000
0.516445 -0.294575 1.000000 0.191904 -0.324492 0.000000 0.000000 0.000000
0.518354 -0.297826 1.000000 0.189862 -0.325691 0.000000 0.000000 0.000000
0.520242 -0.301089 1.000000 0.187811 -0.326878 0.000000 0.000000 0.000000
0.522110 -0.304363 1.000000 0.185754 -0.328051 0.000000 0.000000 0.000000
0.523957 -0.307650 1.000000 0.183689 -0.329212 0.000000 0.000000 0.000000
0.525784 -0.310948 1.000000 0.181617 -0.330360 0.000000 0.000000 0.000000
0.527590 -0.314257 1.000000 0.179538 -0.331494 0.000000 0.000000 0.000000
0.529375 -0.317577 1.000000 0.177451 -0.332616 0.000000 0.000000 0.000000
0.531139 -0.320909 1.000000 0.175358 -0.333724 0.000000 0.000000 0.000000
0.532882 -0.324252 1.000000 0.173258 -0.334819 0.000000 0.000000 0.000000
0.534604 -0.327606 1.000000 0.171150 -0.335901 0.000000 0.000000 0.000000
0.536305 -0.330970 1.000000 0.169037 -0.336970 0.000000 0.000000 0.000000
0.537985 -0.334345 1.000000 0.166916 -0.338026 0.000000 0.000000 0.000000
0.539643 -0.337730 1.000000 0.164789 -0.339068 0.000000 0.000000 0.000000
0.541280 -0.341126 1.000000 0.162655 -0.340096 0.000000 0.000000 0.000000
0.542896 -0.344532 1.000000 0.160515 -0.341112 0.000000 0.000000 0.000000
0.544491 -0.347948 1.000000 0.158369 -0.342114 0.000000 0.000000 0.000000
0.546063 -0.351374 1.000000 0.156216 -0.343102 0.000000 0.000000 0.000000
0.547615 -0.354810 1.000000 0.154057 -0.344077 0.000000 0.000000 0.000000
0.549145 -0.358256 1.000000 0.151892 -0.345038 0.000000 0.000000 0.000000
0.550653 -0.361711 1.000000 0.149721 -0.345985 0.000000 0.000000 0.000000
0.552139 -0.365176 1.000000 0.147545 -0.346919 0.000000 0.000000 0.000000
0.553604 -0.368649 1.000000 0.145362 -0.347839 0.000000 0.000000 0.000000
0.555046 -0.372132 1.000000 0.143173 -0.348746 0.000000 0.000000 0.000000
0.556467 -0.375624 1.000000 0.140979 -0.349639 0.000000 0.000000 0.000000
0.557866 -0.379125 1.000000 0.138780 -0.350517 0.000000 0.000000 0.000000
0.559243 -0.382635 1.000000 0.136575 -0.351382 0.000000 0.000000 0.000000
0.560597 -0.386153 1.000000 0.134364 -0.352234 0.000000 0.000000 0.000000
0.561930 -0.389679 1.000000 0.132148 -0.353071 0.000000 0.000000 0.000000
0.563240 -0.393214 1.000000 0.129927 -0.353894 0.000000 0.000000 0.000000
0.564528 -0.396757 1.000000 0.127701 -0.354704 0.000000 0.000000 0.000000
0.565794 -0.400308 1.000000 0.125470 -0.355499 0.000000 0.000000 0.000000
0.567038 -0.403867 1.000000 0.123234 -0.356280 0.000000 0.000000 0.000000
0.568259 -0.407434 1.000000 0.120993 -0.357048 0.000000 0.000000 0.000000
0.569458 -0.411008 1.000000 0.118747 -0.357801 0.000000 0.000000 0.000000
0.570634 -0.414590 1.000000 0.116497 -0.358540 0.000000 0.000000 0.000000
0.571788 -0.418179 1.000000 0.114242 -0.359265 0.000000 0.000000 0.000000
0.572919 -0.421775 1.000000 0.111982 -0.359975 0.000000 0.000000 0.000000
0.574027 -0.425378 1.000000 0.109718 -0.360672 0.000000 0.000000 0.000000
0.575113 -0.428988 1.000000 0.107450 -0.361354 0.000000 0.000000 0.000000
0.576176 -0.432605 1.000000 0.105177 -0.362022 0.000000 0.000000 0.000000
0.577217 -0.436229 1.000000 0.102901 -0.362676 0.000000 0.000000 0.000000
0.578234 -0.439859 1.000000 0.100620 -0.363315 0.000000 0.000000 0.000000
0.579229 -0.443495 1.000000 0.098335 -0.363940 0.000000 0.000000 0.000000
0.580201 -0.447137 1.000000 0.096046 -0.364551 0.000000 0.000000 0.000000
0.581150 -0.450786 1.000000 0.093754 -0.365147 0.000000 0.000000 0.000000
0.582076 -0.454440 1.000000 0.091458 -0.365729 0.000000 0.000000 0.000000
0.582979 -0.458100 1.000000 0.089158 -0.366296 0.000000 0.000000 0.000000
0.583859 -0.461766 1.000000 0.086855 -0.366849 0.000000 0.000000 0.000000
0.584716 -0.465437 1.000000 0.084548 -0.367388 0.000000 0.000000 0.000000
0.585550 -0.469114 1.000000 0.082238 -0.367912 0.000000 0.000000 0.000000
0.586361 -0.472796 1.000000 0.079925 -0.368421 0.000000 0.000000 0.000000
0.587149 -0.476482 1.000000 0.077609 -0.368916 0.000000 0.000000 0.000000
0.587913 -0.480174 1.000000 0.075289 -0.369397 0.000000 0.000000 0.000000
0.588654 -0.483870 1.000000 0.072967 -0.369862 0.000000 0.000000 0.000000
0.589372 -0.487571 1.000000 0.070641 -0.370314 0.000000 0.000000 0.000000
0.590067 -0.491276 1.000000 0.068313 -0.370750 0.000000 0.000000 0.000000
0.590739 -0.494986 1.000000 0.065982 -0.371172 0.000000 0.000000 0.000000
0.591387 -0.498700 1.000000 0.063649 -0.371579 0.000000 0.000000 0.000000
0.592012 -0.502417 1.000000 0.061313 -0.371972 0.000000 0.000000 0.000000
0.592613 -0.506139 1.000000 0.058975 -0.372350 0.000000 0.000000 0.000000
0.593191 -0.509864 1.000000 0.056634 -0.372713 0.000000 0.000000 0.000000
0.593746 -0.513593 1.000000 0.054291 -0.373061 0.000000 0.000000 0.000000
0.594277 -0.517326 1.000000 0.051946 -0.373395 0.000000 0.000000 0.000000
0.594785 -0.521061 1.000000 0.049599 -0.373714 0.000000 0.000000 0.000000
0.595269 -0.524800 1.000000 0.047250 -0.374018 0.000000 0.000000 0.000000
0.595730 -0.528541 1.000000 0.044899 -0.374308 0.000000 0.000000 0.000000
0.596167 -0.532286 1.000000 0.042546 -0.374583 0.000000 0.000000 0.000000
0.596580 -0.536033 1.000000 0.040192 -0.374843 0.000000 0.000000 0.000000
0.596971 -0.539783 1.000000 0.037836 -0.375088 0.000000 0.000000 0.000000
0.597337 -0.543535 1.000000 0.035478 -0.375318 0.000000 0.000000 0.000000
0.597680 -0.547289 1.000000 0.033119 -0.375534 0.000000 0.000000 0.000000
0.598000 -0.551045 1.000000 0.030759 -0.375734 0.000000 0.000000 0.000000
0.598295 -0.554804 1.000000 0.028398 -0.375920 0.000000 0.000000 0.000000
0.598567 -0.558564 1.000000 0.026035 -0.376091 0.000000 0.000000 0.000000
0.598816 -0.562325 1.000000 0.023672 -0.376247 0.000000 0.000000 0.000000
0.599041 -0.566089 1.000000 0.021307 -0.376389 0.000000 0.000000 0.000000
0.599242 -0.569853 1.000000 0.018942 -0.376515 0.000000 0.000000 0.000000
0.599420 -0.573619 1.000000 0.016576 -0.376627 0.000000 0.000000 0.000000
0.599574 -0.577386 1.000000 0.014209 -0.376723 0.000000 0.000000 0.000000
0.599704 -0.581153 1.000000 0.011842 -0.376805 0.000000 0.000000 0.000000
0.599811 -0.584922 1.000000 0.009474 -0.376872 0.000000 0.000000 0.000000
0.599893 -0.588691 1.000000 0.007106 -0.376924 0.000000 0.000000 0.000000
0.599953 -0.592460 1.000000 0.004737 -0.376961 0.000000 0.000000 0.000000
0.599988 -0.596230 1.000000 0.002369 -0.376984 0.000000 0.000000 0.000000
0.600000 -0.600000 1.000000 0.000000 -0.376991 0.000000 0.000000 0.000000
0.599988 -0.603770 1.000000 -0.002369 -0.376984 0.000000 0.000000 0.000000
0.599953 -0.607539 1.000000 -0.004737 -0.376961 0.000000 0.000000 0.000000
0.599893 -0.611309 1.000000 -0.007106 -0.376924 0.000000 0.000000 0.000000
0.599811 -0.615078 1.000000 -0.009474 -0.376872 0.000000 0.000000 0.000000
0.599704 -0.618846 1.000000 -0.011841 -0.376805 0.000000 0.000000 0.000000
0.599574 -0.622614 1.000000 -0.014209 -0.376723 0.000000 0.000000 0.000000
0.599420 -0.626381 1.000000 -0.016575 -0.376627 0.000000 0.000000 0.000000
0.599242 -0.630146 1.000000 -0.018942 -0.376515 0.000000 0.000000 0.000000
0.599041 -0.633911 1.000000 -0.021307 -0.376389 0.000000 0.000000 0.000000
0.598816 -0.637674 1.000000 -0.023671 -0.376247 0.000000 0.000000 0.000000
0.598568 -0.641436 1.000000 -0.026035 -0.376091 0.000000 0.000000 0.000000
0.598295 -0.645196 1.000000 -0.028397 -0.375920 0.000000 0.000000 0.000000
0.598000 -0.648954 1.000000 -0.030759 -0.375734 0.000000 0.000000 0.000000
0.597680 -0.652711 1.000000 -0.033119 -0.375534 0.000000 0.000000 0.000000
0.597337 -0.656465 1.000000 -0.035478 -0.375318 0.000000 0.000000 0.000000
0.596971 -0.660217 1.000000 -0.037835 -0.375088 0.000000 0.000000 0.000000
0.596580 -0.663966 1.000000 -0.040191 -0.374843 0.000000 0.000000 0.000000
0.596167 -0.667714 1.000000 -0.042546 -0.374583 0.000000 0.000000 0.000000
0.595730 -0.671458 1.000000 -0.044898 -0.374308 0.000000 0.000000 0.000000
0.595269 -0.675200 1.000000 -0.047249 -0.374018 0.000000 0.000000 0.000000
0.594785 -0.678938 1.000000 -0.049598 -0.373714 0.000000 0.000000 0.000000
0.594277 -0.682674 1.000000 -0.051946 -0.373395 0.000000 0.000000 0.000000
0.593746 -0.686406 1.000000 -0.054291 -0.373061 0.000000 0.000000 0.000000
0.593191 -0.690135 1.000000 -0.056634 -0.372713 0.000000 0.000000 0.000000
0.592613 -0.693860 1.000000 -0.058974 -0.372350 0.000000 0.000000 0.000000
0.592012 -0.697582 1.000000 -0.061313 -0.371972 0.000000 0.000000 0.000000
0.591387 -0.701300 1.000000 -0.063649 -0.371579 0.000000 0.000000 0.000000
0.590739 -0.705014 1.000000 -0.065982 -0.371172 0.000000 0.000000 0.000000
0.590067 -0.708723 1.000000 -0.068313 -0.370750 0.000000 0.000000 0.000000
0.589372 -0.712429 1.000000 -0.070641 -0.370314 0.000000 0.000000 0.000000
0.588654 -0.716129 1.000000 -0.072966 -0.369862 0.000000 0.000000 0.000000
0.587913 -0.719826 1.000000 -0.075289 -0.369397 0.000000 0.000000 0.000000
0.587149 -0.723517 1.000000 -0.077608 -0.368916 0.000000 0.000000 0.000000
0.586361 -0.727204 1.000000 -0.079925 -0.368421 0.000000 0.000000 0.000000
0.585550 -0.730886 1.000000 -0.082238 -0.367912 0.000000 0.000000 0.000000
0.584716 -0.734562 1.000000 -0.084548 -0.367388 0.000000 0.000000 0.000000
0.583859 -0.738233 1.000000 -0.086855 -0.366850 0.000000 0.000000 0.000000
0.582979 -0.741899 1.000000 -0.089158 -0.366297 0.000000 0.000000 0.000000
0.582076 -0.745559 1.000000 -0.091458 -0.365729 0.000000 0.000000 0.000000
0.581150 -0.749214 1.000000 -0.093754 -0.365147 0.000000 0.000000 0.000000
0.580201 -0.752862 1.000000 -0.096046 -0.364551 0.000000 0.000000 0.000000
0.579229 -0.756505 1.000000 -0.098335 -0.363940 0.000000 0.000000 0.000000
0.578234 -0.760141 1.000000 -0.100620 -0.363315 0.000000 0.000000 0.000000
0.577217 -0.763771 1.000000 -0.102900 -0.362676 0.000000 0.000000 0.000000
0.576176 -0.767394 1.000000 -0.105177 -0.362022 0.000000 0.000000 0.000000
0.575113 -0.771011 1.000000 -0.107450 -0.361354 0.000000 0.000000 0.000000
0.574027 -0.774621 1.000000 -0.109718 -0.360672 0.000000 0.000000 0.000000
0.572919 -0.778225 1.000000 -0.111982 -0.359975 0.000000 0.000000 0.000000
0.571788 -0.781821 1.000000 -0.114241 -0.359265 0.000000 0.000000 0.000000
0.570634 -0.785410 1.000000 -0.116497 -0.358540 0.000000 0.000000 0.000000
0.569458 -0.788992 1.000000 -0.118747 -0.357801 0.000000 0.000000 0.000000
0.568259 -0.792566 1.000000 -0.120993 -0.357048 0.000000 0.000000 0.000000
0.567038 -0.796133 1.000000 -0.123234 -0.356280 0.000000 0.000000 0.000000
0.565794 -0.799692 1.000000 -0.125470 -0.355499 0.000000 0.000000 0.000000
0.564529 -0.803243 1.000000 -0.127701 -0.354704 0.000000 0.000000 0.000000
0.563240 -0.806786 1.000000 -0.129927 -0.353894 0.000000 0.000000 0.000000
0.561930 -0.810320 1.000000 -0.132148 -0.353071 0.000000 0.000000 0.000000
0.560597 -0.813847 1.000000 -0.134364 -0.352234 0.000000 0.000000 0.000000
0.559243 -0.817365 1.000000 -0.136574 -0.351383 0.000000 0.000000 0.000000
0.557866 -0.820875 1.000000 -0.138780 -0.350518 0.000000 0.000000 0.000000
0.556467 -0.824375 1.000000 -0.140979 -0.349639 0.000000 0.000000 0.000000
0.555046 -0.827867 1.000000 -0.143173 -0.348746 0.000000 0.000000 0.000000
0.553604 -0.831350 1.000000 -0.145362 -0.347839 0.000000 0.000000 0.000000
0.552139 -0.834824 1.000000 -0.147544 -0.346919 0.000000 0.000000 0.000000
0.550653 -0.838289 1.000000 -0.149721 -0.345985 0.000000 0.000000 0.000000
0.549145 -0.841744 1.000000 -0.151892 -0.345038 0.000000 0.000000 0.000000
0.547615 -0.845189 1.000000 -0.154057 -0.344077 0.000000 0.000000 0.000000
0.546064 -0.848625 1.000000 -0.156216 -0.343102 0.000000 0.000000 0.000000
0.544491 -0.852051 1.000000 -0.158368 -0.342114 0.000000 0.000000 0.000000
0.542896 -0.855467 1.000000 -0.160515 -0.341112 0.000000 0.000000 0.000000
0.541280 -0.858873 1.000000 -0.162655 -0.340097 0.000000 0.000000 0.000000
0.539643 -0.862269 1.000000 -0.164789 -0.339068 0.000000 0.000000 0.000000
0.537985 -0.865655 1.000000 -0.166916 -0.338026 0.000000 0.000000 0.000000
0.536305 -0.869030 1.000000 -0.169036 -0.336970 0.000000 0.000000 0.000000
0.534604 -0.872394 1.000000 -0.171150 -0.335902 0.000000 0.000000 0.000000
0.532882 -0.875748 1.000000 -0.173257 -0.334820 0.000000 0.000000 0.000000
0.531139 -0.879090 1.000000 -0.175358 -0.333724 0.000000 0.000000 0.000000
0.529375 -0.882422 1.000000 -0.177451 -0.332616 0.000000 0.000000 0.000000
0.527590 -0.885743 1.000000 -0.179537 -0.331494 0.000000 0.000000 0.000000
0.525784 -0.889052 1.000000 -0.181617 -0.330360 0.000000 0.000000 0.000000
0.523958 -0.892350 1.000000 -0.183689 -0.329212 0.000000 0.000000 0.000000
0.522110 -0.895636 1.000000 -0.185754 -0.328052 0.000000 0.000000 0.000000
0.520243 -0.898911 1.000000 -0.187811 -0.326878 0.000000 0.000000 0.000000
0.518354 -0.902174 1.000000 -0.189861 -0.325692 0.000000 0.000000 0.000000
0.516445 -0.905425 1.000000 -0.191904 -0.324492 0.000000 0.000000 0.000000
0.514516 -0.908664 1.000000 -0.193939 -0.323280 0.000000 0.000000 0.000000
0.512567 -0.911890 1.000000 -0.195966 -0.322055 0.000000 0.000000 0.000000
0.510597 -0.915105 1.000000 -0.197986 -0.320817 0.000000 0.000000 0.000000
0.508607 -0.918307 1.000000 -0.199998 -0.319567 0.000000 0.000000 0.000000
0.506597 -0.921496 1.000000 -0.202002 -0.318304 0.000000 0.000000 0.000000
0.504567 -0.924673 1.000000 -0.203998 -0.317029 0.000000 0.000000 0.000000
0.502517 -0.927836 1.000000 -0.205986 -0.315741 0.000000 0.000000 0.000000
0.500447 -0.930987 1.000000 -0.207965 -0.314440 0.000000 0.000000 0.000000
0.498358 -0.934125 1.000000 -0.209937 -0.313127 0.000000 0.000000 0.000000
0.496248 -0.937250 1.000000 -0.211900 -0.311802 0.000000 0.000000 0.000000
0.494120 -0.940361 1.000000 -0.213855 -0.310465 0.000000 0.000000 0.000000
0.491971 -0.943459 1.000000 -0.215802 -0.309115 0.000000 0.000000 0.000000
0.489804 -0.946543 1.000000 -0.217740 -0.307753 0.000000 0.000000 0.000000
0.487617 -0.949614 1.000000 -0.219669 -0.306379 0.000000 0.000000 0.000000
0.485410 -0.952671 1.000000 -0.221590 -0.304992 0.000000 0.000000 0.000000
0.483185 -0.955714 1.000000 -0.223502 -0.303594 0.000000 0.000000 0.000000
0.480940 -0.958743 1.000000 -0.225405 -0.302184 0.000000 0.000000 0.000000
0.478677 -0.961758 1.000000 -0.227299 -0.300761 0.000000 0.000000 0.000000
0.476394 -0.964758 1.000000 -0.229184 -0.299327 0.000000 0.000000 0.000000
0.474093 -0.967744 1.000000 -0.231060 -0.297881 0.000000 0.000000 0.000000
0.471773 -0.970716 1.000000 -0.232927 -0.296424 0.000000 0.000000 0.000000
0.469435 -0.973672 1.000000 -0.234785 -0.294954 0.000000 0.000000 0.000000
0.467078 -0.976615 1.000000 -0.236634 -0.293473 0.000000 0.000000 0.000000
0.464702 -0.979542 1.000000 -0.238473 -0.291981 0.000000 0.000000 0.000000
0.462308 -0.982454 1.000000 -0.240303 -0.290477 0.000000 0.000000 0.000000
0.459896 -0.985351 1.000000 -0.242123 -0.288961 0.000000 0.000000 0.000000
0.457466 -0.988233 1.000000 -0.243934 -0.287434 0.000000 0.000000 0.000000
0.455017 -0.991100 1.000000 -0.245735 -0.285896 0.000000 0.000000 0.000000
0.452551 -0.993951 1.000000 -0.247527 -0.284346 0.000000 0.000000 0.000000
0.450067 -0.996787 1.000000 -0.249309 -0.282785 0.000000 0.000000 0.000000
0.447565 -0.999607 1.000000 -0.251080 -0.281213 0.000000 0.000000 0.000000
0.445045 -1.002411 1.000000 -0.252842 -0.279630 0.000000 0.000000 0.000000
0.442508 -1.005200 1.000000 -0.254594 -0.278036 0.000000 0.000000 0.000000
0.439953 -1.007972 1.000000 -0.256336 -0.276431 0.000000 0.000000 0.000000
0.437381 -1.010728 1.000000 -0.258068 -0.274815 0.000000 0.000000 0.000000
0.434792 -1.013468 1.000000 -0.259790 -0.273188 0.000000 0.000000 0.000000
0.432186 -1.016192 1.000000 -0.261501 -0.271550 0.000000 0.000000 0.000000
0.429562 -1.018899 1.000000 -0.263202 -0.269902 0.000000 0.000000 0.000000
0.426922 -1.021590 1.000000 -0.264893 -0.268243 0.000000 0.000000 0.000000
0.424264 -1.024264 1.000000 -0.266573 -0.266573 0.000000 0.000000 0.000000
0.421590 -1.026921 1.000000 -0.268243 -0.264893 0.000000 0.000000 0.000000
0.418899 -1.029562 1.000000 -0.269902 -0.263202 0.000000 0.000000 0.000000
0.416192 -1.032185 1.000000 -0.271550 -0.261501 0.000000 0.000000 0.000000
0.413468 -1.034792 1.000000 -0.273188 -0.259790 0.000000 0.000000 0.000000
0.410728 -1.037381 1.000000 -0.274815 -0.258068 0.000000 0.000000 0.000000
0.407972 -1.039953 1.000000 -0.276431 -0.256336 0.000000 0.000000 0.000000
0.405200 -1.042508 1.000000 -0.278036 -0.254595 0.000000 0.000000 0.000000
0.402412 -1.045045 1.000000 -0.279630 -0.252843 0.000000 0.000000 0.000000
0.399607 -1.047565 1.000000 -0.281213 -0.251081 0.000000 0.000000 0.000000
0.396787 -1.050066 1.000000 -0.282785 -0.249309 0.000000 0.000000 0.000000
0.393952 -1.052551 1.000000 -0.284346 -0.247527 0.000000 0.000000 0.000000
0.391100 -1.055017 1.000000 -0.285896 -0.245736 0.000000 0.000000 0.000000
0.388234 -1.057465 1.000000 -0.287434 -0.243934 0.000000 0.000000 0.000000
0.385352 -1.059896 1.000000 -0.288961 -0.242124 0.000000 0.000000 0.000000
0.382455 -1.062308 1.000000 -0.290477 -0.240303 0.000000 0.000000 0.000000
0.379542 -1.064702 1.000000 -0.291981 -0.238473 0.000000 0.000000 0.000000
0.376615 -1.067077 1.000000 -0.293473 -0.236634 0.000000 0.000000 0.000000
0.373673 -1.069434 1.000000 -0.294954 -0.234786 0.000000 0.000000 0.000000
0.370716 -1.071773 1.000000 -0.296424 -0.232928 0.000000 0.000000 0.000000
0.367744 -1.074093 1.000000 -0.297881 -0.231061 0.000000 0.000000 0.000000
0.364758 -1.076394 1.000000 -0.299327 -0.229184 0.000000 0.000000 0.000000
0.361758 -1.078677 1.000000 -0.300761 -0.227299 0.000000 0.000000 0.000000
0.358743 -1.080940 1.000000 -0.302184 -0.225405 0.000000 0.000000 0.000000
0.355714 -1.083185 1.000000 -0.303594 -0.223502 0.000000 0.000000 0.000000
0.352671 -1.085410 1.000000 -0.304992 -0.221590 0.000000 0.000000 0.000000
0.349614 -1.087616 1.000000 -0.306378 -0.219669 0.000000 0.000000 0.000000
0.346544 -1.089803 1.000000 -0.307753 -0.217740 0.000000 0.000000 0.000000
0.343459 -1.091971 1.000000 -0.309115 -0.215802 0.000000 0.000000 0.000000
0.340362 -1.094119 1.000000 -0.310464 -0.213855 0.000000 0.000000 0.000000
0.337250 -1.096248 1.000000 -0.311802 -0.211901 0.000000 0.000000 0.000000
0.334126 -1.098357 1.000000 -0.313127 -0.209937 0.000000 0.000000 0.000000
0.330988 -1.100447 1.000000 -0.314440 -0.207966 0.000000 0.000000 0.000000
0.327837 -1.102517 1.000000 -0.315741 -0.205986 0.000000 0.000000 0.000000
0.324673 -1.104567 1.000000 -0.317029 -0.203998 0.000000 0.000000 0.000000
0.321496 -1.106597 1.000000 -0.318304 -0.202002 0.000000 0.000000 0.000000
0.318307 -1.108607 1.000000 -0.319567 -0.199998 0.000000 0.000000 0.000000
0.315105 -1.110597 1.000000 -0.320817 -0.197986 0.000000 0.000000 0.000000
0.311891 -1.112566 1.000000 -0.322055 -0.195967 0.000000 0.000000 0.000000
0.308664 -1.114516 1.000000 -0.323280 -0.193939 0.000000 0.000000 0.000000
0.305425 -1.116445 1.000000 -0.324492 -0.191904 0.000000 0.000000 0.000000
0.302174 -1.118354 1.000000 -0.325691 -0.189862 0.000000 0.000000 0.000000
0.298911 -1.120242 1.000000 -0.326878 -0.187811 0.000000 0.000000 0.000000
0.295637 -1.122110 1.000000 -0.328051 -0.185754 0.000000 0.000000 0.000000
0.292350 -1.123957 1.000000 -0.329212 -0.183689 0.000000 0.000000 0.000000
0.289052 -1.125784 1.000000 -0.330360 -0.181617 0.000000 0.000000 0.000000
0.285743 -1.127590 1.000000 -0.331494 -0.179538 0.000000 0.000000 0.000000
0.282423 -1.129375 1.000000 -0.332616 -0.177451 0.000000 0.000000 0.000000
0.279091 -1.131139 1.000000 -0.333724 -0.175358 0.000000 0.000000 0.000000
0.275748 -1.132882 1.000000 -0.334819 -0.173258 0.000000 0.000000 0.000000
0.272394 -1.134604 1.000000 -0.335901 -0.171151 0.000000 0.000000 0.000000
0.269030 -1.136305 1.000000 -0.336970 -0.169037 0.000000 0.000000 0.000000
0.265655 -1.137985 1.000000 -0.338026 -0.166916 0.000000 0.000000 0.000000
0.262270 -1.139643 1.000000 -0.339068 -0.164789 0.000000 0.000000 0.000000
0.258874 -1.141280 1.000000 -0.340096 -0.162655 0.000000 0.000000 0.000000
0.255468 -1.142896 1.000000 -0.341112 -0.160515 0.000000 0.000000 0.000000
0.252052 -1.144491 1.000000 -0.342114 -0.158369 0.000000 0.000000 0.000000
0.248626 -1.146063 1.000000 -0.343102 -0.156216 0.000000 0.000000 0.000000
0.245190 -1.147615 1.000000 -0.344077 -0.154057 0.000000 0.000000 0.000000
0.241744 -1.149145 1.000000 -0.345038 -0.151892 0.000000 0.000000 0.000000
0.238289 -1.150653 1.000000 -0.345985 -0.149721 0.000000 0.000000 0.000000
0.234824 -1.152139 1.000000 -0.346919 -0.147545 0.000000 0.000000 0.000000
0.231351 -1.153604 1.000000 -0.347839 -0.145362 0.000000 0.000000 0.000000
0.227868 -1.155046 1.000000 -0.348746 -0.143173 0.000000 0.000000 0.000000
0.224376 -1.156467 1.000000 -0.349639 -0.140979 0.000000 0.000000 0.000000
0.220875 -1.157866 1.000000 -0.350517 -0.138780 0.000000 0.000000 0.000000
0.217365 -1.159243 1.000000 -0.351382 -0.136575 0.000000 0.000000 0.000000
0.213847 -1.160597 1.000000 -0.352234 -0.134364 0.000000 0.000000 0.000000
0.210321 -1.161930 1.000000 -0.353071 -0.132148 0.000000 0.000000 0.000000
0.206786 -1.163240 1.000000 -0.353894 -0.129927 0.000000 0.000000 0.000000
0.203243 -1.164528 1.000000 -0.354704 -0.127701 0.000000 0.000000 0.000000
0.199692 -1.165794 1.000000 -0.355499 -0.125470 0.000000 0.000000 0.000000
0.196133 -1.167038 1.000000 -0.356280 -0.123234 0.000000 0.000000 0.000000
0.192566 -1.168259 1.000000 -0.357048 -0.120993 0.000000 0.000000 0.000000
0.188992 -1.169458 1.000000 -0.357801 -0.118747 0.000000 0.000000 0.000000
0.185410 -1.170634 1.000000 -0.358540 -0.116497 0.000000 0.000000 0.000000
0.181821 -1.171788 1.000000 -0.359265 -0.114242 0.000000 0.000000 0.000000
0.178225 -1.172919 1.000000 -0.359975 -0.111982 0.000000 0.000000 0.000000
0.174622 -1.174027 1.000000 -0.360672 -0.109718 0.000000 0.000000 0.000000
0.171012 -1.175113 1.000000 -0.361354 -0.107450 0.000000 0.000000 0.000000
0.167395 -1.176176 1.000000 -0.362022 -0.105177 0.000000 0.000000 0.000000
0.163771 -1.177217 1.000000 -0.362676 -0.102901 0.000000 0.000000 0.000000
0.160141 -1.178234 1.000000 -0.363315 -0.100620 0.000000 0.000000 0.000000
0.156505 -1.179229 1.000000 -0.363940 -0.098335 0.000000 0.000000 0.000000
0.152863 -1.180201 1.000000 -0.364551 -0.096046 0.000000 0.000000 0.000000
0.149214 -1.181150 1.000000 -0.365147 -0.093754 0.000000 0.000000 0.000000
0.145560 -1.182076 1.000000 -0.365729 -0.091458 0.000000 0.000000 0.000000
0.141900 -1.182979 1.000000 -0.366296 -0.089158 0.000000 0.000000 0.000000
0.138234 -1.183859 1.000000 -0.366849 -0.086855 0.000000 0.000000 0.000000
0.134563 -1.184716 1.000000 -0.367388 -0.084548 0.000000 0.000000 0.000000
0.130886 -1.185550 1.000000 -0.367912 -0.082238 0.000000 0.000000 0.000000
0.127204 -1.186361 1.000000 -0.368421 -0.079925 0.000000 0.000000 0.000000
0.123518 -1.187148 1.000000 -0.368916 -0.077609 0.000000 0.000000 0.000000
0.119826 -1.187913 1.000000 -0.369397 -0.075289 0.000000 0.000000 0.000000
0.116130 -1.188654 1.000000 -0.369862 -0.072967 0.000000 0.000000 0.000000
0.112429 -1.189372 1.000000 -0.370314 -0.070641 0.000000 0.000000 0.000000
0.108724 -1.190067 1.000000 -0.370750 -0.068313 0.000000 0.000000 0.000000
0.105014 -1.190739 1.000000 -0.371172 -0.065982 0.000000 0.000000 0.000000
0.101300 -1.191387 1.000000 -0.371579 -0.063649 0.000000 0.000000 0.000000
0.097583 -1.192012 1.000000 -0.371972 -0.061313 0.000000 0.000000 0.000000
0.093861 -1.192613 1.000000 -0.372350 -0.058975 0.000000 0.000000 0.000000
0.090136 -1.193191 1.000000 -0.372713 -0.056634 0.000000 0.000000 0.000000
0.086407 -1.193746 1.000000 -0.373061 -0.054291 0.000000 0.000000 0.000000
0.082674 -1.194277 1.000000 -0.373395 -0.051946 0.000000 0.000000 0.000000
0.078939 -1.194785 1.000000 -0.373714 -0.049599 0.000000 0.000000 0.000000
0.075200 -1.195269 1.000000 -0.374018 -0.047250 0.000000 0.000000 0.000000
0.071459 -1.195730 1.000000 -0.374308 -0.044899 0.000000 0.000000 0.000000
0.067714 -1.196167 1.000000 -0.374583 -0.042546 0.000000 0.000000 0.000000
0.063967 -1.196580 1.000000 -0.374843 -0.040192 0.000000 0.000000 0.000000
0.060217 -1.196971 1.000000 -0.375088 -0.037836 0.000000 0.000000 0.000000
0.056465 -1.197337 1.000000 -0.375318 -0.035478 0.000000 0.000000 0.000000
0.052711 -1.197680 1.000000 -0.375534 -0.033119 0.000000 0.000000 0.000000
0.048955 -1.198000 1.000000 -0.375734 -0.030759 0.000000 0.000000 0.000000
0.045196 -1.198295 1.000000 -0.375920 -0.028398 0.000000 0.000000 0.000000
0.041436 -1.198567 1.000000 -0.376091 -0.026035 0.000000 0.000000 0.000000
0.037675 -1.198816 1.000000 -0.376247 -0.023672 0.000000 0.000000 0.000000
0.033911 -1.199041 1.000000 -0.376389 -0.021307 0.000000 0.000000 0.000000
0.030147 -1.199242 1.000000 -0.376515 -0.018942 0.000000 0.000000 0.000000
0.026381 -1.199420 1.000000 -0.376627 -0.016576 0.000000 0.000000 0.000000
0.022614 -1.199574 1.000000 -0.376723 -0.014209 0.000000 0.000000 0.000000
0.018847 -1.199704 1.000000 -0.376805 -0.011842 0.000000 0.000000 0.000000
0.015078 -1.199811 1.000000 -0.376872 -0.009474 0.000000 0.000000 0.000000
0.011309 -1.199893 1.000000 -0.376924 -0.007106 0.000000 0.000000 0.000000
0.007540 -1.199953 1.000000 -0.376961 -0.004737 0.000000 0.000000 0.000000
0.003770 -1.199988 1.000000 -0.376984 -0.002369 0.000000 0.000000 0.000000
0.000000 -1.200000 1.000000 -0.376991 -0.000000 0.000000 0.000000 0.000000
-0.003770 -1.199988 1.000000 -0.376984 0.002369 0.000000 0.000000 0.000000
-0.007539 -1.199953 1.000000 -0.376961 0.004737 0.000000 0.000000 0.000000
-0.011309 -1.199893 1.000000 -0.376924 0.007106 0.000000 0.000000 0.000000
-0.015078 -1.199811 1.000000 -0.376872 0.009474 0.000000 0.000000 0.000000
-0.018846 -1.199704 1.000000 -0.376805 0.011841 0.000000 0.000000 0.000000
-0.022614 -1.199574 1.000000 -0.376723 0.014209 0.000000 0.000000 0.000000
-0.026381 -1.199420 1.000000 -0.376627 0.016575 0.000000 0.000000 0.000000
-0.030146 -1.199242 1.000000 -0.376515 0.018942 0.000000 0.000000 0.000000
-0.033911 -1.199041 1.000000 -0.376389 0.021307 0.000000 0.000000 0.000000
-0.037674 -1.198816 1.000000 -0.376247 0.023671 0.000000 0.000000 0.000000
-0.041436 -1.198568 1.000000 -0.376091 0.026035 0.000000 0.000000 0.000000
-0.045196 -1.198295 1.000000 -0.375920 0.028397 0.000000 0.000000 0.000000
-0.048954 -1.198000 1.000000 -0.375734 0.030759 0.000000 0.000000 0.000000
-0.052710 -1.197680 1.000000 -0.375534 0.033119 0.000000 0.000000 0.000000
-0.056465 -1.197337 1.000000 -0.375318 0.035478 0.000000 0.000000 0.000000
-0.060217 -1.196971 1.000000 -0.375088 0.037835 0.000000 0.000000 0.000000
-0.063966 -1.196580 1.000000 -0.374843 0.040191 0.000000 0.000000 0.000000
-0.067714 -1.196167 1.000000 -0.374583 0.042546 0.000000 0.000000 0.000000
-0.071458 -1.195730 1.000000 -0.374308 0.044898 0.000000 0.000000 0.000000
-0.075200 -1.195269 1.000000 -0.374018 0.047249 0.000000 0.000000 0.000000
-0.078938 -1.194785 1.000000 -0.373714 0.049598 0.000000 0.000000 0.000000
-0.082674 -1.194277 1.000000 -0.373395 0.051946 0.000000 0.000000 0.000000
-0.086406 -1.193746 1.000000 -0.373061 0.054291 0.000000 0.000000 0.000000
-0.090135 -1.193191 1.000000 -0.372713 0.056634 0.000000 0.000000 0.000000
-0.093860 -1.192613 1.000000 -0.372350 0.058974 0.000000 0.000000 0.000000
-0.097582 -1.192012 1.000000 -0.371972 0.061313 0.000000 0.000000 0.000000
-0.101300 -1.191387 1.000000 -0.371579 0.063649 0.000000 0.000000 0.000000
-0.105014 -1.190739 1.000000 -0.371172 0.065982 0.000000 0.000000 0.000000
-0.108723 -1.190067 1.000000 -0.370750 0.068313 0.000000 0.000000 0.000000
-0.112429 -1.189372 1.000000 -0.370314 0.070641 0.000000 0.000000 0.000000
-0.116129 -1.188654 1.000000 -0.369862 0.072966 0.000000 0.000000 0.000000
-0.119826 -1.187913 1.000000 -0.369397 0.075289 0.000000 0.000000 0.000000
-0.123517 -1.187149 1.000000 -0.368916 0.077608 0.000000 0.000000 0.000000
-0.127204 -1.186361 1.000000 -0.368421 0.079925 0.000000 0.000000 0.000000
-0.130886 -1.185550 1.000000 -0.367912 0.082238 0.000000 0.000000 0.000000
-0.134562 -1.184716 1.000000 -0.367388 0.084548 0.000000 0.000000 0.000000
-0.138233 -1.183859 1.000000 -0.366850 0.086855 0.000000 0.000000 0.000000
-0.141899 -1.182979 1.000000 -0.366297 0.089158 0.000000 0.000000 0.000000
-0.145559 -1.182076 1.000000 -0.365729 0.091458 0.000000 0.000000 0.000000
-0.149214 -1.181150 1.000000 -0.365147 0.093754 0.000000 0.000000 0.000000
-0.152862 -1.180201 1.000000 -0.364551 0.096046 0.000000 0.000000 0.000000
-0.156505 -1.179229 1.000000 -0.363940 0.098335 0.000000 0.000000 0.000000
-0.160141 -1.178234 1.000000 -0.363315 0.100620 0.000000 0.000000 0.000000
-0.163771 -1.177217 1.000000 -0.362676 0.102900 0.000000 0.000000 0.000000
-0.167394 -1.176176 1.000000 -0.362022 0.105177 0.000000 0.000000 0.000000
-0.171011 -1.175113 1.000000 -0.361354 0.107450 0.000000 0.000000 0.000000
-0.174621 -1.174027 1.000000 -0.360672 0.109718 0.000000 0.000000 0.000000
-0.178225 -1.172919 1.000000 -0.359975 0.111982 0.000000 0.000000 0.000000
-0.181821 -1.171788 1.000000 -0.359265 0.114241 0.000000 0.000000 0.000000
-0.185410 -1.170634 1.000000 -0.358540 0.116497 0.000000 0.000000 0.000000
-0.188992 -1.169458 1.000000 -0.357801 0.118747 0.000000 0.000000 0.000000
-0.192566 -1.168259 1.000000 -0.357048 0.120993 0.000000 0.000000 0.000000
-0.196133 -1.167038 1.000000 -0.356280 0.123234 0.000000 0.000000 0.000000
-0.199692 -1.165794 1.000000 -0.355499 0.125470 0.000000 0.000000 0.000000
-0.203243 -1.164529 1.000000 -0.354704 0.127701 0.000000 0.000000 0.000000
-0.206786 -1.163240 1.000000 -0.353894 0.129927 0.000000 0.000000 0.000000
-0.210320 -1.161930 1.000000 -0.353071 0.132148 0.000000 0.000000 0.000000
-0.213847 -1.160597 1.000000 -0.352234 0.134364 0.000000 0.000000 0.000000
-0.217365 -1.159243 1.000000 -0.351383 0.136574 0.000000 0.000000 0.000000
-0.220875 -1.157866 1.000000 -0.350518 0.138780 0.000000 0.000000 0.000000
-0.224375 -1.156467 1.000000 -0.349639 0.140979 0.000000 0.000000 0.000000
-0.227867 -1.155046 1.000000 -0.348746 0.143173 0.000000 0.000000 0.000000
-0.231350 -1.153604 1.000000 -0.347839 0.145362 0.000000 0.000000 0.000000
-0.234824 -1.152139 1.000000 -0.346919 0.147544 0.000000 0.000000 0.000000
-0.238289 -1.150653 1.000000 -0.345985 0.149721 0.000000 0.000000 0.000000
-0.241744 -1.149145 1.000000 -0.345038 0.151892 0.000000 0.000000 0.000000
-0.245189 -1.147615 1.000000 -0.344077 0.154057 0.000000 0.000000 0.000000
-0.248625 -1.146064 1.000000 -0.343102 0.156216 0.000000 0.000000 0.000000
-0.252051 -1.144491 1.000000 -0.342114 0.158368 0.000000 0.000000 0.000000
-0.255467 -1.142896 1.000000 -0.341112 0.160515 0.000000 0.000000 0.000000
-0.258873 -1.141280 1.000000 -0.340097 0.162655 0.000000 0.000000 0.000000
-0.262269 -1.139643 1.000000 -0.339068 0.164789 0.000000 0.000000 0.000000
-0.265655 -1.137985 1.000000 -0.338026 0.166916 0.000000 0.000000 0.000000
-0.269030 -1.136305 1.000000 -0.336970 0.169036 0.000000 0.000000 0.000000
-0.272394 -1.134604 1.000000 -0.335902 0.171150 0.000000 0.000000 0.000000
-0.275748 -1.132882 1.000000 -0.334820 0.173257 0.000000 0.000000 0.000000
-0.279090 -1.131139 1.000000 -0.333724 0.175358 0.000000 0.000000 0.000000
-0.282422 -1.129375 1.000000 -0.332616 0.177451 0.000000 0.000000 0.000000
-0.285743 -1.127590 1.000000 -0.331495 0.179537 0.000000 0.000000 0.000000
-0.289052 -1.125784 1.000000 -0.330360 0.181617 0.000000 0.000000 0.000000
-0.292350 -1.123958 1.000000 -0.329212 0.183689 0.000000 0.000000 0.000000
-0.295636 -1.122110 1.000000 -0.328052 0.185754 0.000000 0.000000 0.000000
-0.298911 -1.120243 1.000000 -0.326878 0.187811 0.000000 0.000000 0.000000
-0.302174 -1.118354 1.000000 -0.325692 0.189861 0.000000 0.000000 0.000000
-0.305425 -1.116445 1.000000 -0.324492 0.191904 0.000000 0.000000 0.000000
-0.308664 -1.114516 1.000000 -0.323280 0.193939 0.000000 0.000000 0.000000
-0.311890 -1.112567 1.000000 -0.322055 0.195966 0.000000 0.000000 0.000000
-0.315105 -1.110597 1.000000 -0.320817 0.197986 0.000000 0.000000 0.000000
-0.318307 -1.108607 1.000000 -0.319567 0.199998 0.000000 0.000000 0.000000
-0.321496 -1.106597 1.000000 -0.318304 0.202002 0.000000 0.000000 0.000000
-0.324673 -1.104567 1.000000 -0.317029 0.203998 0.000000 0.000000 0.000000
-0.327836 -1.102517 1.000000 -0.315741 0.205986 0.000000 0.000000 0.000000
-0.330987 -1.100447 1.000000 -0.314440 0.207965 0.000000 0.000000 0.000000
-0.334125 -1.098358 1.000000 -0.313127 0.209937 0.000000 0.000000 0.000000
-0.337250 -1.096248 1.000000 -0.311802 0.211900 0.000000 0.000000 0.000000
-0.340361 -1.094120 1.000000 -0.310465 0.213855 0.000000 0.000000 0.000000
-0.343459 -1.091971 1.000000 -0.309115 0.215802 0.000000 0.000000 0.000000
-0.346543 -1.089804 1.000000 -0.307753 0.217740 0.000000 0.000000 0.000000
-0.349614 -1.087617 1.000000 -0.306379 0.219669 0.000000 0.000000 0.000000
-0.352671 -1.085410 1.000000 -0.304992 0.221590 0.000000 0.000000 0.000000
-0.355714 -1.083185 1.000000 -0.303594 0.223502 0.000000 0.000000 0.000000
-0.358743 -1.080940 1.000000 -0.302184 0.225405 0.000000 0.000000 0.000000
-0.361758 -1.078677 1.000000 -0.300762 0.227299 0.000000 0.000000 0.000000
-0.364758 -1.076394 1.000000 -0.299327 0.229184 0.000000 0.000000 0.000000
-0.367744 -1.074093 1.000000 -0.297882 0.231060 0.000000 0.000000 0.000000
-0.370716 -1.071773 1.000000 -0.296424 0.232927 0.000000 0.000000 0.000000
-0.373672 -1.069435 1.000000 -0.294954 0.234785 0.000000 0.000000 0.000000
-0.376615 -1.067078 1.000000 -0.293473 0.236634 0.000000 0.000000 0.000000
-0.379542 -1.064702 1.000000 -0.291981 0.238473 0.000000 0.000000 0.000000
-0.382454 -1.062308 1.000000 -0.290477 0.240303 0.000000 0.000000 0.000000
-0.385351 -1.059896 1.000000 -0.288961 0.242123 0.000000 0.000000 0.000000
-0.388233 -1.057466 1.000000 -0.287434 0.243934 0.000000 0.000000 0.000000
-0.391100 -1.055017 1.000000 -0.285896 0.245735 0.000000 0.000000 0.000000
-0.393951 -1.052551 1.000000 -0.284346 0.247527 0.000000 0.000000 0.000000
-0.396787 -1.050067 1.000000 -0.282785 0.249309 0.000000 0.000000 0.000000
-0.399607 -1.047565 1.000000 -0.281213 0.251080 0.000000 0.000000 0.000000
-0.402411 -1.045045 1.000000 -0.279630 0.252842 0.000000 0.000000 0.000000
-0.405200 -1.042508 1.000000 -0.278036 0.254594 0.000000 0.000000 0.000000
-0.407972 -1.039953 1.000000 -0.276431 0.256336 0.000000 0.000000 0.000000
-0.410728 -1.037381 1.000000 -0.274815 0.258068 0.000000 0.000000 0.000000
-0.413468 -1.034792 1.000000 -0.273188 0.259790 0.000000 0.000000 0.000000
-0.416192 -1.032186 1.000000 -0.271550 0.261501 0.000000 0.000000 0.000000
-0.418899 -1.029562 1.000000 -0.269902 0.263202 0.000000 0.000000 0.000000
-0.421590 -1.026922 1.000000 -0.268243 0.264893 0.000000 0.000000 0.000000
-0.424264 -1.024264 1.000000 -0.266573 0.266573 0.000000 0.000000 0.000000
-0.426921 -1.021590 1.000000 -0.264893 0.268243 0.000000 0.000000 0.000000
-0.429562 -1.018899 1.000000 -0.263202 0.269902 0.000000 0.000000 0.000000
-0.432185 -1.016192 1.000000 -0.261501 0.271550 0.000000 0.000000 0.000000
-0.434792 -1.013468 1.000000 -0.259790 0.273188 0.000000 0.000000 0.000000
-0.437381 -1.010728 1.000000 -0.258068 0.274815 0.000000 0.000000 0.000000
-0.439953 -1.007972 1.000000 -0.256336 0.276431 0.000000 0.000000 0.000000
-0.442508 -1.005200 1.000000 -0.254595 0.278036 0.000000 0.000000 0.000000
-0.445045 -1.002412 1.000000 -0.252843 0.279630 0.000000 0.000000 0.000000
-0.447565 -0.999607 1.000000 -0.251081 0.281213 0.000000 0.000000 0.000000
-0.450066 -0.996787 1.000000 -0.249309 0.282785 0.000000 0.000000 0.000000
-0.452551 -0.993952 1.000000 -0.247527 0.284346 0.000000 0.000000 0.000000
-0.455017 -0.991100 1.000000 -0.245736 0.285896 0.000000 0.000000 0.000000
-0.457465 -0.988234 1.000000 -0.243934 0.287434 0.000000 0.000000 0.000000
-0.459896 -0.985352 1.000000 -0.242124 0.288961 0.000000 0.000000 0.000000
-0.462308 -0.982455 1.000000 -0.240303 0.290477 0.000000 0.000000 0.000000
-0.464702 -0.979542 1.000000 -0.238473 0.291981 0.000000 0.000000 0.000000
-0.467077 -0.976615 1.000000 -0.236634 0.293473 0.000000 0.000000 0.000000
-0.469434 -0.973673 1.000000 -0.234786 0.294954 0.000000 0.000000 0.000000
-0.471773 -0.970716 1.000000 -0.232928 0.296424 0.000000 0.000000 0.000000
-0.474093 -0.967744 1.000000 -0.231061 0.297881 0.000000 0.000000 0.000000
-0.476394 -0.964758 1.000000 -0.229184 0.299327 0.000000 0.000000 0.000000
-0.478677 -0.961758 1.000000 -0.227299 0.300761 0.000000 0.000000 0.000000
-0.480940 -0.958743 1.000000 -0.225405 0.302184 0.000000 0.000000 0.000000
-0.483185 -0.955714 1.000000 -0.223502 0.303594 0.000000 0.000000 0.000000
-0.485410 -0.952671 1.000000 -0.221590 0.304992 0.000000 0.000000 0.000000
-0.487616 -0.949614 1.000000 -0.219669 0.306378 0.000000 0.000000 0.000000
-0.489803 -0.946544 1.000000 -0.217740 0.307753 0.000000 0.000000 0.000000
-0.491971 -0.943459 1.000000 -0.215802 0.309115 0.000000 0.000000 0.000000
-0.494119 -0.940362 1.000000 -0.213855 0.310464 0.000000 0.000000 0.000000
-0.496248 -0.937250 1.000000 -0.211901 0.311802 0.000000 0.000000 0.000000
-0.498357 -0.934126 1.000000 -0.209937 0.313127 0.000000 0.000000 0.000000
-0.500447 -0.930988 1.000000 -0.207966 0.314440 0.000000 0.000000 0.000000
-0.502517 -0.927837 1.000000 -0.205986 0.315741 0.000000 0.000000 0.000000
-0.504567 -0.924673 1.000000 -0.203998 0.317029 0.000000 0.000000 0.000000
-0.506597 -0.921496 1.000000 -0.202002 0.318304 0.000000 0.000000 0.000000
-0.508607 -0.918307 1.000000 -0.199998 0.319567 0.000000 0.000000 0.000000
-0.510597 -0.915105 1.000000 -0.197986 0.320817 0.000000 0.000000 0.000000
-0.512566 -0.911891 1.000000 -0.195967 0.322055 0.000000 0.000000 0.000000
-0.514516 -0.908664 1.000000 -0.193939 0.323280 0.000000 0.000000 0.000000
-0.516445 -0.905425 1.000000 -0.191904 0.324492 0.000000 0.000000 0.000000
-0.518354 -0.902174 1.000000 -0.189862 0.325691 0.000000 0.000000 0.000000
-0.520242 -0.898911 1.000000 -0.187811 0.326878 0.000000 0.000000 0.000000
-0.522110 -0.895637 1.000000 -0.185754 0.328051 0.000000 0.000000 0.000000
-0.523957 -0.892350 1.000000 -0.183689 0.329212 0.000000 0.000000 0.000000
-0.525784 -0.889052 1.000000 -0.181617 0.330360 0.000000 0.000000 0.000000
-0.527590 -0.885743 1.000000 -0.179538 0.331494 0.000000 0.000000 0.000000
-0.529375 -0.882423 1.000000 -0.177451 0.332616 0.000000 0.000000 0.000000
-0.531139 -0.879091 1.000000 -0.175358 0.333724 0.000000 0.000000 0.000000
-0.532882 -0.875748 1.000000 -0.173258 0.334819 0.000000 0.000000 0.000000
-0.534604 -0.872395 1.000000 -0.171151 0.335901 0.000000 0.000000 0.000000
-0.536305 -0.869030 1.000000 -0.169037 0.336970 0.000000 0.000000 0.000000
-0.537985 -0.865655 1.000000 -0.166916 0.338026 0.000000 0.000000 0.000000
-0.539643 -0.862270 1.000000 -0.164789 0.339068 0.000000 0.000000 0.000000
-0.541280 -0.858874 1.000000 -0.162655 0.340096 0.000000 0.000000 0.000000
-0.542896 -0.855468 1.000000 -0.160515 0.341112 0.000000 0.000000 0.000000
-0.544491 -0.852052 1.000000 -0.158369 0.342113 0.000000 0.000000 0.000000
-0.546063 -0.848626 1.000000 -0.156216 0.343102 0.000000 0.000000 0.000000
-0.547615 -0.845190 1.000000 -0.154057 0.344077 0.000000 0.000000 0.000000
-0.549145 -0.841744 1.000000 -0.151892 0.345038 0.000000 0.000000 0.000000
-0.550653 -0.838289 1.000000 -0.149721 0.345985 0.000000 0.000000 0.000000
-0.552139 -0.834824 1.000000 -0.147545 0.346919 0.000000 0.000000 0.000000
-0.553604 -0.831351 1.000000 -0.145362 0.347839 0.000000 0.000000 0.000000
-0.555046 -0.827868 1.000000 -0.143173 0.348746 0.000000 0.000000 0.000000
-0.556467 -0.824376 1.000000 -0.140979 0.349639 0.000000 0.000000 0.000000
-0.557866 -0.820875 1.000000 -0.138780 0.350517 0.000000 0.000000 0.000000
-0.559243 -0.817365 1.000000 -0.136575 0.351382 0.000000 0.000000 0.000000
-0.560597 -0.813847 1.000000 -0.134364 0.352234 0.000000 0.000000 0.000000
-0.561930 -0.810321 1.000000 -0.132148 0.353071 0.000000 0.000000 0.000000
-0.563240 -0.806786 1.000000 -0.129927 0.353894 0.000000 0.000000 0.000000
-0.564528 -0.803243 1.000000 -0.127701 0.354704 0.000000 0.000000 0.000000
-0.565794 -0.799692 1.000000 -0.125470 0.355499 0.000000 0.000000 0.000000
-0.567038 -0.796133 1.000000 -0.123234 0.356280 0.000000 0.000000 0.000000
-0.568259 -0.792566 1.000000 -0.120993 0.357048 0.000000 0.000000 0.000000
-0.569458 -0.788992 1.000000 -0.118747 0.357801 0.000000 0.000000 0.000000
-0.570634 -0.785410 1.000000 -0.116497 0.358540 0.000000 0.000000 0.000000
-0.571788 -0.781821 1.000000 -0.114242 0.359265 0.000000 0.000000 0.000000
-0.572919 -0.778225 1.000000 -0.111982 0.359975 0.000000 0.000000 0.000000
-0.574027 -0.774622 1.000000 -0.109718 0.360672 0.000000 0.000000 0.000000
-0.575113 -0.771012 1.000000 -0.107450 0.361354 0.000000 0.000000 0.000000
-0.576176 -0.767395 1.000000 -0.105177 0.362022 0.000000 0.000000 0.000000
-0.577217 -0.763771 1.000000 -0.102901 0.362676 0.000000 0.000000 0.000000
-0.578234 -0.760141 1.000000 -0.100620 0.363315 0.000000 0.000000 0.000000
-0.579229 -0.756505 1.000000 -0.098335 0.363940 0.000000 0.000000 0.000000
-0.580201 -0.752863 1.000000 -0.096046 0.364551 0.000000 0.000000 0.000000
-0.581150 -0.749214 1.000000 -0.093754 0.365147 0.000000 0.000000 0.000000
-0.582076 -0.745560 1.000000 -0.091458 0.365729 0.000000 0.000000 0.000000
-0.582979 -0.741900 1.000000 -0.089158 0.366296 0.000000 0.000000 0.000000
-0.583859 -0.738234 1.000000 -0.086855 0.366849 0.000000 0.000000 0.000000
-0.584716 -0.734563 1.000000 -0.084548 0.367388 0.000000 0.000000 0.000000
-0.585550 -0.730886 1.000000 -0.082238 0.367912 0.000000 0.000000 0.000000
-0.586361 -0.727204 1.000000 -0.079925 0.368421 0.000000 0.000000 0.000000
-0.587148 -0.723518 1.000000 -0.077609 0.368916 0.000000 0.000000 0.000000
-0.587913 -0.719826 1.000000 -0.075289 0.369397 0.000000 0.000000 0.000000
-0.588654 -0.716130 1.000000 -0.072967 0.369862 0.000000 0.000000 0.000000
-0.589372 -0.712429 1.000000 -0.070641 0.370314 0.000000 0.000000 0.000000
-0.590067 -0.708724 1.000000 -0.068313 0.370750 0.000000 0.000000 0.000000
-0.590739 -0.705014 1.000000 -0.065982 0.371172 0.000000 0.000000 0.000000
-0.591387 -0.701300 1.000000 -0.063649 0.371579 0.000000 0.000000 0.000000
-0.592012 -0.697583 1.000000 -0.061313 0.371972 0.000000 0.000000 0.000000
-0.592613 -0.693861 1.000000 -0.058975 0.372350 0.000000 0.000000 0.000000
-0.593191 -0.690136 1.000000 -0.056634 0.372713 0.000000 0.000000 0.000000
-0.593746 -0.686407 1.000000 -0.054291 0.373061 0.000000 0.000000 0.000000
-0.594277 -0.682674 1.000000 -0.051946 0.373395 0.000000 0.000000 0.000000
-0.594785 -0.678939 1.000000 -0.049599 0.373714 0.000000 0.000000 0.000000
-0.595269 -0.675200 1.000000 -0.047250 0.374018 0.000000 0.000000 0.000000
-0.595730 -0.671459 1.000000 -0.044899 0.374308 0.000000 0.000000 0.000000
-0.596167 -0.667714 1.000000 -0.042546 0.374583 0.000000 0.000000 0.000000
-0.596580 -0.663967 1.000000 -0.040192 0.374843 0.000000 0.000000 0.000000
-0.596971 -0.660217 1.000000 -0.037836 0.375088 0.000000 0.000000 0.000000
-0.597337 -0.656465 1.000000 -0.035478 0.375318 0.000000 0.000000 0.000000
-0.597680 -0.652711 1.000000 -0.033119 0.375534 0.000000 0.000000 0.000000
-0.598000 -0.648955 1.000000 -0.030759 0.375734 0.000000 0.000000 0.000000
-0.598295 -0.645196 1.000000 -0.028398 0.375920 0.000000 0.000000 0.000000
-0.598567 -0.641436 1.000000 -0.026035 0.376091 0.000000 0.000000 0.000000
-0.598816 -0.637675 1.000000 -0.023672 0.376247 0.000000 0.000000 0.000000
-0.599041 -0.633911 1.000000 -0.021307 0.376389 0.000000 0.000000 0.000000
-0.599242 -0.630147 1.000000 -0.018942 0.376515 0.000000 0.000000 0.000000
-0.599420 -0.626381 1.000000 -0.016576 0.376627 0.000000 0.000000 0.000000
-0.599574 -0.622614 1.000000 -0.014209 0.376723 0.000000 0.000000 0.000000
-0.599704 -0.618847 1.000000 -0.011842 0.376805 0.000000 0.000000 0.000000
-0.599811 -0.615078 1.000000 -0.009474 0.376872 0.000000 0.000000 0.000000
-0.599893 -0.611309 1.000000 -0.007106 0.376924 0.000000 0.000000 0.000000
-0.599953 -0.607540 1.000000 -0.004737 0.376961 0.000000 0.000000 0.000000
-0.599988 -0.603770 1.000000 -0.002369 0.376984 0.000000 0.000000 0.000000
-0.600000 -0.600000 1.000000 -0.000000 0.376991 0.000000 0.000000 0.000000
-0.599988 -0.596230 1.000000 0.002369 0.376984 0.000000 0.000000 0.000000
-0.599953 -0.592461 1.000000 0.004737 0.376961 0.000000 0.000000 0.000000
-0.599893 -0.588691 1.000000 0.007106 0.376924 0.000000 0.000000 0.000000
-0.599811 -0.584922 1.000000 0.009474 0.376872 0.000000 0.000000 0.000000
-0.599704 -0.581154 1.000000 0.011841 0.376805 0.000000 0.000000 0.000000
-0.599574 -0.577386 1.000000 0.014209 0.376723 0.000000 0.000000 0.000000
-0.599420 -0.573619 1.000000 0.016575 0.376627 0.000000 0.000000 0.000000
-0.599242 -0.569854 1.000000 0.018942 0.376515 0.000000 0.000000 0.000000
-0.599041 -0.566089 1.000000 0.021307 0.376389 0.000000 0.000000 0.000000
-0.598816 -0.562326 1.000000 0.023671 0.376247 0.000000 0.000000 0.000000
-0.598568 -0.558564 1.000000 0.026035 0.376091 0.000000 0.000000 0.000000
-0.598295 -0.554804 1.000000 0.028397 0.375920 0.000000 0.000000 0.000000
-0.598000 -0.551046 1.000000 0.030759 0.375734 0.000000 0.000000 0.000000
-0.597680 -0.547290 1.000000 0.033119 0.375534 0.000000 0.000000 0.000000
-0.597337 -0.543535 1.000000 0.035478 0.375318 0.000000 0.000000 0.000000
-0.596971 -0.539783 1.000000 0.037835 0.375088 0.000000 0.000000 0.000000
-0.596581 -0.536034 1.000000 0.040191 0.374843 0.000000 0.000000 0.000000
-0.596167 -0.532286 1.000000 0.042546 0.374583 0.000000 0.000000 0.000000
-0.595730 -0.528542 1.000000 0.044898 0.374308 0.000000 0.000000 0.000000
-0.595269 -0.524800 1.000000 0.047249 0.374018 0.000000 0.000000 0.000000
-0.594785 -0.521062 1.000000 0.049598 0.373714 0.000000 0.000000 0.000000
-0.594277 -0.517326 1.000000 0.051946 0.373395 0.000000 0.000000 0.000000
-0.593746 -0.513594 1.000000 0.054291 0.373061 0.000000 0.000000 0.000000
-0.593191 -0.509865 1.000000 0.056634 0.372713 0.000000 0.000000 0.000000
-0.592613 -0.506140 1.000000 0.058974 0.372350 0.000000 0.000000 0.000000
-0.592012 -0.502418 1.000000 0.061313 0.371972 0.000000 0.000000 0.000000
-0.591387 -0.498700 1.000000 0.063649 0.371579 0.000000 0.000000 0.000000
-0.590739 -0.494986 1.000000 0.065982 0.371172 0.000000 0.000000 0.000000
-0.590067 -0.491277 1.000000 0.068313 0.370750 0.000000 0.000000 0.000000
-0.589372 -0.487571 1.000000 0.070641 0.370314 0.000000 0.000000 0.000000
-0.588654 -0.483871 1.000000 0.072966 0.369862 0.000000 0.000000 0.000000
-0.587913 -0.480174 1.000000 0.075289 0.369397 0.000000 0.000000 0.000000
-0.587149 -0.476483 1.000000 0.077608 0.368916 0.000000 0.000000 0.000000
-0.586361 -0.472796 1.000000 0.079925 0.368421 0.000000 0.000000 0.000000
-0.585550 -0.469114 1.000000 0.082238 0.367912 0.000000 0.000000 0.000000
-0.584716 -0.465438 1.000000 0.084548 0.367388 0.000000 0.000000 0.000000
-0.583859 -0.461767 1.000000 0.086855 0.366850 0.000000 0.000000 0.000000
-0.582979 -0.458101 1.000000 0.089158 0.366297 0.000000 0.000000 0.000000
-0.582076 -0.454441 1.000000 0.091458 0.365729 0.000000 0.000000 0.000000
-0.581150 -0.450786 1.000000 0.093754 0.365147 0.000000 0.000000 0.000000
-0.580201 -0.447138 1.000000 0.096046 0.364551 0.000000 0.000000 0.000000
-0.579229 -0.443495 1.000000 0.098335 0.363940 0.000000 0.000000 0.000000
-0.578234 -0.439859 1.000000 0.100620 0.363315 0.000000 0.000000 0.000000
-0.577217 -0.436229 1.000000 0.102900 0.362676 0.000000 0.000000 0.000000
-0.576176 -0.432606 1.000000 0.105177 0.362022 0.000000 0.000000 0.000000
-0.575113 -0.428989 1.000000 0.107450 0.361354 0.000000 0.000000 0.000000
-0.574027 -0.425379 1.000000 0.109718 0.360672 0.000000 0.000000 0.000000
-0.572919 -0.421775 1.000000 0.111982 0.359975 0.000000 0.000000 0.000000
-0.571788 -0.418179 1.000000 0.114241 0.359265 0.000000 0.000000 0.000000
-0.570634 -0.414590 1.000000 0.116497 0.358540 0.000000 0.000000 0.000000
-0.569458 -0.411008 1.000000 0.118747 0.357801 0.000000 0.000000 0.000000
-0.568259 -0.407434 1.000000 0.120993 0.357048 0.000000 0.000000 0.000000
-0.567038 -0.403867 1.000000 0.123234 0.356280 0.000000 0.000000 0.000000
-0.565794 -0.400309 1.000000 0.125470 0.355499 0.000000 0.000000 0.000000
-0.564529 -0.396757 1.000000 0.127701 0.354704 0.000000 0.000000 0.000000
-0.563240 -0.393214 1.000000 0.129927 0.353894 0.000000 0.000000 0.000000
-0.561930 -0.389680 1.000000 0.132148 0.353071 0.000000 0.000000 0.000000
-0.560597 -0.386153 1.000000 0.134364 0.352234 0.000000 0.000000 0.000000
-0.559243 -0.382635 1.000000 0.136574 0.351383 0.000000 0.000000 0.000000
-0.557866 -0.379125 1.000000 0.138780 0.350518 0.000000 0.000000 0.000000
-0.556467 -0.375625 1.000000 0.140979 0.349639 0.000000 0.000000 0.000000
-0.555046 -0.372133 1.000000 0.143173 0.348746 0.000000 0.000000 0.000000
-0.553604 -0.368650 1.000000 0.145362 0.347839 0.000000 0.000000 0.000000
-0.552139 -0.365176 1.000000 0.147544 0.346919 0.000000 0.000000 0.000000
-0.550653 -0.361711 1.000000 0.149721 0.345985 0.000000 0.000000 0.000000
-0.549145 -0.358256 1.000000 0.151892 0.345038 0.000000 0.000000 0.000000
-0.547615 -0.354811 1.000000 0.154057 0.344077 0.000000 0.000000 0.000000
-0.546064 -0.351375 1.000000 0.156216 0.343102 0.000000 0.000000 0.000000
-0.544491 -0.347949 1.000000 0.158368 0.342114 0.000000 0.000000 0.000000
-0.542896 -0.344533 1.000000 0.160515 0.341112 0.000000 0.000000 0.000000
-0.541280 -0.341127 1.000000 0.162655 0.340097 0.000000 0.000000 0.000000
-0.539643 -0.337731 1.000000 0.164789 0.339068 0.000000 0.000000 0.000000
-0.537985 -0.334345 1.000000 0.166916 0.338026 0.000000 0.000000 0.000000
-0.536305 -0.330970 1.000000 0.169036 0.336970 0.000000 0.000000 0.000000
-0.534604 -0.327606 1.000000 0.171150 0.335902 0.000000 0.000000 0.000000
-0.532882 -0.324252 1.000000 0.173257 0.334820 0.000000 0.000000 0.000000
-0.531139 -0.320910 1.000000 0.175358 0.333724 0.000000 0.000000 0.000000
-0.529375 -0.317578 1.000000 0.177451 0.332616 0.000000 0.000000 0.000000
-0.527590 -0.314257 1.000000 0.179537 0.331495 0.000000 0.000000 0.000000
-0.525784 -0.310948 1.000000 0.181617 0.330360 0.000000 0.000000 0.000000
-0.523958 -0.307650 1.000000 0.183689 0.329212 0.000000 0.000000 0.000000
-0.522110 -0.304364 1.000000 0.185754 0.328052 0.000000 0.000000 0.000000
-0.520243 -0.301089 1.000000 0.187811 0.326878 0.000000 0.000000 0.000000
-0.518354 -0.297826 1.000000 0.189861 0.325692 0.000000 0.000000 0.000000
-0.516445 -0.294575 1.000000 0.191904 0.324492 0.000000 0.000000 0.000000
-0.514516 -0.291336 1.000000 0.193939 0.323280 0.000000 0.000000 0.000000
-0.512567 -0.288110 1.000000 0.195966 0.322055 0.000000 0.000000 0.000000
-0.510597 -0.284895 1.000000 0.197986 0.320817 0.000000 0.000000 0.000000
-0.508607 -0.281693 1.000000 0.199998 0.319567 0.000000 0.000000 0.000000
-0.506597 -0.278504 1.000000 0.202002 0.318304 0.000000 0.000000 0.000000
-0.504567 -0.275327 1.000000 0.203998 0.317029 0.000000 0.000000 0.000000
-0.502517 -0.272164 1.000000 0.205986 0.315741 0.000000 0.000000 0.000000
-0.500447 -0.269013 1.000000 0.207965 0.314440 0.000000 0.000000 0.000000
-0.498358 -0.265875 1.000000 0.209937 0.313127 0.000000 0.000000 0.000000
-0.496248 -0.262750 1.000000 0.211900 0.311802 0.000000 0.000000 0.000000
-0.494120 -0.259639 1.000000 0.213855 0.310465 0.000000 0.000000 0.000000
-0.491971 -0.256541 1.000000 0.215802 0.309115 0.000000 0.000000 0.000000
-0.489804 -0.253457 1.000000 0.217740 0.307753 0.000000 0.000000 0.000000
-0.487617 -0.250386 1.000000 0.219669 0.306379 0.000000 0.000000 0.000000
-0.485410 -0.247329 1.000000 0.221590 0.304992 0.000000 0.000000 0.000000
-0.483185 -0.244286 1.000000 0.223502 0.303594 0.000000 0.000000 0.000000
-0.480940 -0.241257 1.000000 0.225405 0.302184 0.000000 0.000000 0.000000
-0.478677 -0.238242 1.000000 0.227299 0.300762 0.000000 0.000000 0.000000
-0.476394 -0.235242 1.000000 0.229184 0.299327 0.000000 0.000000 0.000000
-0.474093 -0.232256 1.000000 0.231060 0.297882 0.000000 0.000000 0.000000
-0.471773 -0.229284 1.000000 0.232927 0.296424 0.000000 0.000000 0.000000
-0.469435 -0.226328 1.000000 0.234785 0.294954 0.000000 0.000000 0.000000
-0.467078 -0.223385 1.000000 0.236634 0.293473 0.000000 0.000000 0.000000
-0.464702 -0.220458 1.000000 0.238473 0.291981 0.000000 0.000000 0.000000
-0.462308 -0.217546 1.000000 0.240303 0.290477 0.000000 0.000000 0.000000
-0.459896 -0.214649 1.000000 0.242123 0.288961 0.000000 0.000000 0.000000
-0.457466 -0.211767 1.000000 0.243934 0.287434 0.000000 0.000000 0.000000
-0.455017 -0.208900 1.000000 0.245735 0.285896 0.000000 0.000000 0.000000
-0.452551 -0.206049 1.000000 0.247527 0.284346 0.000000 0.000000 0.000000
-0.450067 -0.203213 1.000000 0.249309 0.282785 0.000000 0.000000 0.000000
-0.447565 -0.200393 1.000000 0.251080 0.281213 0.000000 0.000000 0.000000
-0.445045 -0.197589 1.000000 0.252842 0.279630 0.000000 0.000000 0.000000
-0.442508 -0.194800 1.000000 0.254594 0.278036 0.000000 0.000000 0.000000
-0.439953 -0.192028 1.000000 0.256336 0.276431 0.000000 0.000000 0.000000
-0.437381 -0.189272 1.000000 0.258068 0.274815 0.000000 0.000000 0.000000
-0.434792 -0.186532 1.000000 0.259790 0.273188 0.000000 0.000000 0.000000
-0.432186 -0.183808 1.000000 0.261501 0.271550 0.000000 0.000000 0.000000
-0.429562 -0.181101 1.000000 0.263202 0.269902 0.000000 0.000000 0.000000
-0.426922 -0.178410 1.000000 0.264893 0.268243 0.000000 0.000000 0.000000
-0.424264 -0.175736 1.000000 0.266573 0.266573 0.000000 0.000000 0.000000
-0.421590 -0.173079 1.000000 0.268243 0.264893 0.000000 0.000000 0.000000
-0.418899 -0.170438 1.000000 0.269902 0.263202 0.000000 0.000000 0.000000
-0.416192 -0.167815 1.000000 0.271550 0.261501 0.000000 0.000000 0.000000
-0.413468 -0.165208 1.000000 0.273188 0.259790 0.000000 0.000000 0.000000
-0.410728 -0.162619 1.000000 0.274815 0.258068 0.000000 0.000000 0.000000
-0.407972 -0.160047 1.000000 0.276431 0.256336 0.000000 0.000000 0.000000
-0.405200 -0.157492 1.000000 0.278036 0.254595 0.000000 0.000000 0.000000
-0.402412 -0.154955 1.000000 0.279630 0.252843 0.000000 0.000000 0.000000
-0.399607 -0.152435 1.000000 0.281213 0.251081 0.000000 0.000000 0.000000
-0.396787 -0.149934 1.000000 0.282785 0.249309 0.000000 0.000000 0.000000
-0.393952 -0.147449 1.000000 0.284346 0.247527 0.000000 0.000000 0.000000
-0.391100 -0.144983 1.000000 0.285896 0.245736 0.000000 0.000000 0.000000
-0.388234 -0.142535 1.000000 0.287434 0.243934 0.000000 0.000000 0.000000
-0.385352 -0.140104 1.000000 0.288961 0.242124 0.000000 0.000000 0.000000
-0.382455 -0.137692 1.000000 0.290477 0.240303 0.000000 0.000000 0.000000
-0.379542 -0.135298 1.000000 0.291981 0.238473 0.000000 0.000000 0.000000
-0.376615 -0.132923 1.000000 0.293473 0.236634 0.000000 0.000000 0.000000
-0.373673 -0.130566 1.000000 0.294954 0.234786 0.000000 0.000000 0.000000
-0.370716 -0.128227 1.000000 0.296424 0.232928 0.000000 0.000000 0.000000
-0.367744 -0.125907 1.000000 0.297881 0.231061 0.000000 0.000000 0.000000
-0.364758 -0.123606 1.000000 0.299327 0.229184 0.000000 0.000000 0.000000
-0.361758 -0.121323 1.000000 0.300761 0.227299 0.000000 0.000000 0.000000
-0.358743 -0.119060 1.000000 0.302184 0.225405 0.000000 0.000000 0.000000
-0.355714 -0.116815 1.000000 0.303594 0.223502 0.000000 0.000000 0.000000
-0.352671 -0.114590 1.000000 0.304992 0.221590 0.000000 0.000000 0.000000
-0.349614 -0.112384 1.000000 0.306378 0.219669 0.000000 0.000000 0.000000
-0.346544 -0.110197 1.000000 0.307753 0.217740 0.000000 0.000000 0.000000
-0.343459 -0.108029 1.000000 0.309115 0.215802 0.000000 0.000000 0.000000
-0.340362 -0.105881 1.000000 0.310464 0.213855 0.000000 0.000000 0.000000
-0.337250 -0.103752 1.000000 0.311802 0.211901 0.000000 0.000000 0.000000
-0.334126 -0.101643 1.000000 0.313127 0.209937 0.000000 0.000000 0.000000
-0.330988 -0.099553 1.000000 0.314440 0.207966 0.000000 0.000000 0.000000
-0.327837 -0.097483 1.000000 0.315741 0.205986 0.000000 0.000000 0.000000
-0.324673 -0.095433 1.000000 0.317029 0.203998 0.000000 0.000000 0.000000
-0.321496 -0.093403 1.000000 0.318304 0.202002 0.000000 0.000000 0.000000
-0.318307 -0.091393 1.000000 0.319567 0.199998 0.000000 0.000000 0.000000
-0.315105 -0.089403 1.000000 0.320817 0.197986 0.000000 0.000000 0.000000
-0.311891 -0.087434 1.000000 0.322055 0.195967 0.000000 0.000000 0.000000
-0.308664 -0.085484 1.000000 0.323280 0.193939 0.000000 0.000000 0.000000
-0.305425 -0.083555 1.000000 0.324492 0.191904 0.000000 0.000000 0.000000
-0.302174 -0.081646 1.000000 0.325691 0.189862 0.000000 0.000000 0.000000
-0.298911 -0.079758 1.000000 0.326878 0.187811 0.000000 0.000000 0.000000
-0.295637 -0.077890 1.000000 0.328051 0.185754 0.000000 0.000000 0.000000
-0.292350 -0.076043 1.000000 0.329212 0.183689 0.000000 0.000000 0.000000
-0.289052 -0.074216 1.000000 0.330360 0.181617 0.000000 0.000000 0.000000
-0.285743 -0.072410 1.000000 0.331494 0.179538 0.000000 0.000000 0.000000
-0.282423 -0.070625 1.000000 0.332616 0.177451 0.000000 0.000000 0.000000
-0.279091 -0.068861 1.000000 0.333724 0.175358 0.000000 0.000000 0.000000
-0.275748 -0.067118 1.000000 0.334819 0.173258 0.000000 0.000000 0.000000
-0.272395 -0.065396 1.000000 0.335901 0.171151 0.000000 0.000000 0.000000
-0.269030 -0.063695 1.000000 0.336970 0.169037 0.000000 0.000000 0.000000
-0.265655 -0.062015 1.000000 0.338026 0.166916 0.000000 0.000000 0.000000
-0.262270 -0.060357 1.000000 0.339068 0.164789 0.000000 0.000000 0.000000
-0.258874 -0.058720 1.000000 0.340096 0.162655 0.000000 0.000000 0.000000
-0.255468 -0.057104 1.000000 0.341112 0.160515 0.000000 0.000000 0.000000
-0.252052 -0.055509 1.000000 0.342113 0.158369 0.000000 0.000000 0.000000
-0.248626 -0.053937 1.000000 0.343102 0.156216 0.000000 0.000000 0.000000
-0.245190 -0.052385 1.000000 0.344077 0.154057 0.000000 0.000000 0.000000
-0.241744 -0.050855 1.000000 0.345038 0.151892 0.000000 0.000000 0.000000
-0.238289 -0.049347 1.000000 0.345985 0.149721 0.000000 0.000000 0.000000
-0.234824 -0.047861 1.000000 0.346919 0.147545 0.000000 0.000000 0.000000
-0.231351 -0.046396 1.000000 0.347839 0.145362 0.000000 0.000000 0.000000
-0.227868 -0.044954 1.000000 0.348746 0.143173 0.000000 0.000000 0.000000
-0.224376 -0.043533 1.000000 0.349639 0.140979 0.000000 0.000000 0.000000
-0.220875 -0.042134 1.000000 0.350517 0.138780 0.000000 0.000000 0.000000
-0.217365 -0.040757 1.000000 0.351382 0.136575 0.000000 0.000000 0.000000
-0.213847 -0.039403 1.000000 0.352234 0.134364 0.000000 0.000000 0.000000
-0.210321 -0.038070 1.000000 0.353071 0.132148 0.000000 0.000000 0.000000
-0.206786 -0.036760 1.000000 0.353894 0.129927 0.000000 0.000000 0.000000
-0.203243 -0.035472 1.000000 0.354704 0.127701 0.000000 0.000000 0.000000
-0.199692 -0.034206 1.000000 0.355499 0.125470 0.000000 0.000000 0.000000
-0.196133 -0.032962 1.000000 0.356280 0.123234 0.000000 0.000000 0.000000
-0.192566 -0.031741 1.000000 0.357048 0.120993 0.000000 0.000000 0.000000
-0.188992 -0.030542 1.000000 0.357801 0.118747 0.000000 0.000000 0.000000
-0.185410 -0.029366 1.000000 0.358540 0.116497 0.000000 0.000000 0.000000
-0.181821 -0.028212 1.000000 0.359265 0.114242 0.000000 0.000000 0.000000
-0.178225 -0.027081 1.000000 0.359975 0.111982 0.000000 0.000000 0.000000
-0.174622 -0.025973 1.000000 0.360672 0.109718 0.000000 0.000000 0.000000
-0.171012 -0.024887 1.000000 0.361354 0.107450 0.000000 0.000000 0.000000
-0.167395 -0.023824 1.000000 0.362022 0.105177 0.000000 0.000000 0.000000
-0.163771 -0.022783 1.000000 0.362676 0.102901 0.000000 0.000000 0.000000
-0.160141 -0.021766 1.000000 0.363315 0.100620 0.000000 0.000000 0.000000
-0.156505 -0.020771 1.000000 0.363940 0.098335 0.000000 0.000000 0.000000
-0.152863 -0.019799 1.000000 0.364551 0.096046 0.000000 0.000000 0.000000
-0.149214 -0.018850 1.000000 0.365147 0.093754 0.000000 0.000000 0.000000
-0.145560 -0.017924 1.000000 0.365729 0.091458 0.000000 0.000000 0.000000
-0.141900 -0.017021 1.000000 0.366296 0.089158 0.000000 0.000000 0.000000
-0.138234 -0.016141 1.000000 0.366849 0.086855 0.000000 0.000000 0.000000
-0.134563 -0.015284 1.000000 0.367388 0.084548 0.000000 0.000000 0.000000
-0.130886 -0.014450 1.000000 0.367912 0.082238 0.000000 0.000000 0.000000
-0.127205 -0.013639 1.000000 0.368421 0.079925 0.000000 0.000000 0.000000
-0.123518 -0.012852 1.000000 0.368916 0.077609 0.000000 0.000000 0.000000
-0.119826 -0.012087 1.000000 0.369397 0.075289 0.000000 0.000000 0.000000
-0.116130 -0.011346 1.000000 0.369862 0.072967 0.000000 0.000000 0.000000
-0.112429 -0.010628 1.000000 0.370314 0.070641 0.000000 0.000000 0.000000
-0.108724 -0.009933 1.000000 0.370750 0.068313 0.000000 0.000000 0.000000
-0.105014 -0.009261 1.000000 0.371172 0.065982 0.000000 0.000000 0.000000
-0.101300 -0.008613 1.000000 0.371579 0.063649 0.000000 0.000000 0.000000
-0.097583 -0.007988 1.000000 0.371972 0.061313 0.000000 0.000000 0.000000
-0.093861 -0.007387 1.000000 0.372350 0.058975 0.000000 0.000000 0.000000
-0.090136 -0.006809 1.000000 0.372713 0.056634 0.000000 0.000000 0.000000
-0.086407 -0.006254 1.000000 0.373061 0.054291 0.000000 0.000000 0.000000
-0.082674 -0.005723 1.000000 0.373395 0.051946 0.000000 0.000000 0.000000
-0.078939 -0.005215 1.000000 0.373714 0.049599 0.000000 0.000000 0.000000
-0.075200 -0.004731 1.000000 0.374018 0.047250 0.000000 0.000000 0.000000
-0.071459 -0.004270 1.000000 0.374308 0.044899 0.000000 0.000000 0.000000
-0.067714 -0.003833 1.000000 0.374583 0.042546 0.000000 0.000000 0.000000
-0.063967 -0.003420 1.000000 0.374843 0.040192 0.000000 0.000000 0.000000
-0.060217 -0.003029 1.000000 0.375088 0.037836 0.000000 0.000000 0.000000
-0.056465 -0.002663 1.000000 0.375318 0.035478 0.000000 0.000000 0.000000
-0.052711 -0.002320 1.000000 0.375534 0.033119 0.000000 0.000000 0.000000
-0.048955 -0.002000 1.000000 0.375734 0.030759 0.000000 0.000000 0.000000
-0.045196 -0.001705 1.000000 0.375920 0.028398 0.000000 0.000000 0.000000
-0.041436 -0.001433 1.000000 0.376091 0.026035 0.000000 0.000000 0.000000
-0.037675 -0.001184 1.000000 0.376247 0.023672 0.000000 0.000000 0.000000
-0.033911 -0.000959 1.000000 0.376389 0.021307 0.000000 0.000000 0.000000
-0.030147 -0.000758 1.000000 0.376515 0.018942 0.000000 0.000000 0.000000
-0.026381 -0.000580 1.000000 0.376627 0.016576 0.000000 0.000000 0.000000
-0.022614 -0.000426 1.000000 0.376723 0.014209 0.000000 0.000000 0.000000
-0.018847 -0.000296 1.000000 0.376805 0.011842 0.000000 0.000000 0.000000
-0.015078 -0.000189 1.000000 0.376872 0.009474 0.000000 0.000000 0.000000
-0.011309 -0.000107 1.000000 0.376924 0.007106 0.000000 0.000000 0.000000
-0.007540 -0.000047 1.000000 0.376961 0.004737 0.000000 0.000000 0.000000
-0.003770 -0.000012 1.000000 0.376984 0.002369 0.000000 0.000000 0.000000
-0.000000 -0.000000 1.000000 0.376991 0.000000 0.000000 0.000000 0.000000
